{"stats":{"minecraft:picked_up":{"minecraft:crafting_table":9,"jet_and_elias_armors:ronin_robe_red_black_sleeves_chestplate":3,"minecraft:wheat":16,"minecraft:azure_bluet":2,"minecraft:chicken":6,"minecraft:leather_leggings":1,"minecraft:wooden_pickaxe":2,"minecraft:oak_stairs":10,"minecraft:stone_brick_wall":3,"minecraft:stone_brick_stairs":3,"minecraft:shield":1,"minecraft:cornflower":13,"minecraft:string":16,"minecraft:raw_copper":32,"minecraft:iron_axe":1,"minecraft:cobbled_deepslate":5,"biomesoplenty:fir_planks":40,"minecraft:beef":24,"minecraft:poppy":10,"minecraft:iron_nugget":3,"minecraft:iron_pickaxe":5,"minecraft:light_gray_wool":3,"minecraft:sugar_cane":56,"minecraft:egg":3,"minecraft:furnace":5,"minecraft:iron_boots":2,"minecraft:stick":27,"minecraft:raw_iron":143,"minecraft:stone":8,"jet_and_elias_armors:japanese_footsoldier_helmet":3,"minecraft:copper_ingot":15,"minecraft:torch":21,"minecraft:porkchop":4,"tombstone:grave_dust":4,"minecraft:diorite":24,"minecraft:cauldron":1,"minecraft:black_dye":1,"minecraft:stone_shovel":7,"minecraft:stone_sword":2,"minecraft:arrow":29,"minecraft:rotten_flesh":51,"minecraft:hay_block":14,"minecraft:carved_pumpkin":4,"minecraft:mutton":32,"minecraft:cobblestone":365,"minecraft:white_wool":13,"minecraft:oxeye_daisy":3,"minecraft:stripped_oak_log":16,"minecraft:pink_petals":1,"minecraft:feather":5,"minecraft:cherry_planks":16,"minecraft:glow_ink_sac":5,"minecraft:salmon":2,"minecraft:andesite":9,"minecraft:brown_wool":2,"minecraft:leather":22,"minecraft:birch_planks":1,"biomesoplenty:fir_sapling":11,"minecraft:potato":7,"biomesoplenty:fir_log":30,"minecraft:flint":1,"minecraft:oak_log":91,"minecraft:gunpowder":4,"minecraft:lapis_lazuli":55,"minecraft:dirt":1590,"minecraft:lantern":3,"minecraft:bone":34,"minecraft:apple":8,"minecraft:stone_bricks":4,"minecraft:bow":7,"minecraft:stone_pickaxe":2,"minecraft:wheat_seeds":81,"minecraft:raw_gold":11,"minecraft:grindstone":1,"minecraft:iron_ingot":8,"minecraft:glowstone_dust":21,"minecraft:oak_planks":97,"minecraft:stone_hoe":3,"minecraft:book":12,"biomesoplenty:toadstool":2,"quark:red_corundum_cluster":5,"minecraft:pumpkin":18,"minecraft:quartz":9,"minecraft:dandelion":49,"minecraft:gravel":7,"minecraft:sand":59,"minecraft:ink_sac":3,"quark:red_corundum":2,"minecraft:white_bed":9,"quark:oak_chest":3,"quark:blue_corundum_cluster":16,"minecraft:spider_eye":9,"minecraft:leather_helmet":1,"minecraft:bundle":2,"biomesoplenty:bramble":1,"minecraft:diamond":8,"minecraft:stone_axe":4,"minecraft:iron_helmet":1,"minecraft:granite":3,"minecraft:bread":56,"minecraft:oak_sapling":45,"minecraft:netherrack":1,"quark:blue_corundum":11,"minecraft:coal":165},"minecraft:killed":{"minecraft:spider":19,"minecraft:horse":8,"minecraft:skeleton":15,"minecraft:chicken":4,"minecraft:drowned":3,"minecraft:pig":2,"minecraft:salmon":2,"minecraft:creeper":3,"minecraft:sheep":17,"minecraft:pillager":6,"minecraft:zombie":47,"minecraft:cow":4},"minecraft:custom":{"minecraft:mob_kills":133,"minecraft:interact_with_crafting_table":110,"minecraft:leave_game":15,"minecraft:time_since_death":8568,"minecraft:sprint_one_cm":745238,"minecraft:walk_one_cm":979826,"minecraft:damage_blocked_by_shield":5865,"minecraft:drop":33,"minecraft:play_time":393590,"minecraft:sneak_time":5198,"minecraft:deaths":13,"minecraft:walk_under_water_one_cm":23592,"minecraft:jump":4695,"minecraft:walk_on_water_one_cm":41072,"minecraft:total_world_time":393590,"minecraft:interact_with_furnace":143,"tombstone:raider_killed":3,"minecraft:sleep_in_bed":22,"minecraft:time_since_rest":7709,"minecraft:damage_taken":7348,"minecraft:damage_dealt":21969,"minecraft:player_kills":1,"minecraft:fly_one_cm":998394,"minecraft:swim_one_cm":35495,"minecraft:open_chest":53,"minecraft:crouch_one_cm":8199,"tombstone:undead_killed":26,"minecraft:fall_one_cm":99954},"minecraft:broken":{"minecraft:iron_shovel":1,"minecraft:shield":2,"minecraft:iron_axe":1,"minecraft:stone_axe":3,"minecraft:iron_pickaxe":2,"minecraft:stone_shovel":10},"minecraft:crafted":{"minecraft:black_dye":3,"minecraft:oak_planks":372,"minecraft:stone_shovel":13,"minecraft:stone_brick_wall":18,"minecraft:spyglass":2,"minecraft:iron_nugget":36,"minecraft:cooked_chicken":2,"minecraft:furnace":8,"minecraft:stone":170,"minecraft:bone_meal":21,"jet_and_elias_armors:ronin_robe_red_black_sleeves_chestplate":1,"minecraft:pink_dye":1,"minecraft:heavy_weighted_pressure_plate":4,"minecraft:cooked_mutton":20,"minecraft:stone_stairs":28,"minecraft:flint_and_steel":1,"jet_and_elias_armors:mercenary_gear_helmet":1,"minecraft:glass":53,"minecraft:lantern":3,"minecraft:iron_boots":1,"jet_and_elias_armors:mercenary_gear_chestplate":1,"sophisticatedbackpacks:copper_backpack":2,"minecraft:iron_axe":2,"minecraft:stone_pickaxe":4,"jet_and_elias_armors:japanese_footsoldier_helmet":1,"jet_and_elias_armors:japanese_footsoldier_chestplate":1,"minecraft:stone_hoe":1,"minecraft:stone_bricks":112,"sophisticatedbackpacks:iron_backpack":3,"minecraft:wheat":126,"minecraft:cooked_beef":12,"minecraft:red_dye":9,"sophisticatedbackpacks:backpack":2,"minecraft:cooked_porkchop":2,"minecraft:crafting_table":5,"minecraft:iron_helmet":1,"minecraft:wooden_pickaxe":2,"minecraft:baked_potato":6,"minecraft:red_wool":7,"minecraft:copper_ingot":29,"sophisticatedbackpacks:gold_backpack":2,"minecraft:bucket":1,"jet_and_elias_armors:ronin_robe_red_chestplate":1,"minecraft:stone_axe":4,"minecraft:bread":45,"minecraft:air":0,"minecraft:blue_dye":1,"biomesoplenty:fir_planks":84,"minecraft:stone_brick_stairs":60,"minecraft:charcoal":4,"minecraft:shield":3,"minecraft:white_dye":1,"minecraft:stick":68,"quark:oak_chest":6,"minecraft:iron_ingot":63,"minecraft:iron_pickaxe":2,"minecraft:oak_stairs":160,"minecraft:stone_sword":1,"minecraft:iron_shovel":1,"minecraft:gold_ingot":8,"jet_and_elias_armors:mercenary_gear_boots":1,"minecraft:light_gray_dye":3,"jet_and_elias_armors:mercenary_gear_leggings":1,"minecraft:torch":48},"minecraft:dropped":{"sophisticatedbackpacks:iron_backpack":1,"minecraft:bread":17,"minecraft:iron_ingot":1,"minecraft:wheat_seeds":16,"minecraft:feather":3,"minecraft:iron_helmet":1,"minecraft:cobblestone":4,"minecraft:granite":2,"jet_and_elias_armors:japanese_footsoldier_chestplate":1,"minecraft:coal":3,"minecraft:oxeye_daisy":1,"minecraft:dirt":64,"minecraft:diorite":1,"minecraft:cornflower":11,"minecraft:cherry_planks":2,"minecraft:oak_stairs":8,"minecraft:spyglass":1,"minecraft:rotten_flesh":6,"minecraft:iron_boots":1,"minecraft:azure_bluet":1,"minecraft:bundle":1,"minecraft:leather_leggings":1,"minecraft:oak_sapling":7,"minecraft:spider_eye":4,"minecraft:bow":1,"minecraft:stone_pickaxe":1},"minecraft:killed_by":{"minecraft:creeper":3,"minecraft:drowned":1,"minecraft:skeleton":6,"minecraft:zombie":3},"minecraft:used":{"minecraft:stone_sword":28,"minecraft:iron_shovel":250,"minecraft:flint_and_steel":1,"minecraft:stone_shovel":1443,"minecraft:shield":73,"minecraft:stone":8,"minecraft:cooked_chicken":2,"minecraft:rotten_flesh":10,"minecraft:stone_hoe":21,"minecraft:torch":37,"jet_and_elias_armors:ronin_robe_red_black_sleeves_chestplate":1,"minecraft:dirt":509,"minecraft:spyglass":21,"minecraft:granite":1,"minecraft:glass":53,"minecraft:lava_bucket":31,"minecraft:lantern":2,"biomesoplenty:fir_sapling":1,"minecraft:iron_axe":199,"minecraft:oak_stairs":154,"minecraft:iron_boots":1,"minecraft:stone_brick_stairs":63,"minecraft:bow":22,"minecraft:oak_sapling":18,"minecraft:furnace":11,"tombstone:gift":4,"minecraft:cooked_beef":12,"minecraft:potato":1,"minecraft:cobbled_deepslate":4,"minecraft:wheat_seeds":21,"minecraft:cooked_mutton":20,"minecraft:water_bucket":16,"minecraft:diorite":18,"minecraft:stone_pickaxe":174,"minecraft:oak_planks":83,"minecraft:baked_potato":4,"minecraft:wooden_pickaxe":21,"minecraft:cherry_planks":14,"jet_and_elias_armors:japanese_footsoldier_helmet":1,"biomesoplenty:fir_planks":34,"minecraft:sugar_cane":20,"minecraft:salmon":2,"minecraft:crafting_table":13,"minecraft:white_bed":7,"minecraft:stone_brick_wall":17,"jet_and_elias_armors:ronin_robe_red_chestplate":1,"minecraft:oak_log":2,"minecraft:cornflower":1,"minecraft:bread":30,"minecraft:iron_pickaxe":507,"jet_and_elias_armors:japanese_footsoldier_chestplate":1,"minecraft:pink_petals":1,"minecraft:gravel":5,"minecraft:stone_axe":417,"minecraft:cobblestone":51,"minecraft:bucket":48,"minecraft:andesite":9,"quark:oak_chest":7,"minecraft:bone_meal":20,"minecraft:dandelion":1},"minecraft:mined":{"quark:red_corundum":2,"minecraft:diamond_ore":6,"minecraft:white_bed":8,"minecraft:oak_sapling":2,"minecraft:farmland":1,"minecraft:deepslate_diamond_ore":1,"minecraft:carved_pumpkin":2,"minecraft:granite":2,"biomesoplenty:bramble":3,"minecraft:stone_brick_wall":1,"minecraft:grass_block":507,"biomesoplenty:dead_grass":1,"minecraft:oxeye_daisy":3,"minecraft:hay_block":14,"biomesoplenty:bramble_leaves":1,"minecraft:tall_seagrass":1,"minecraft:glowstone":7,"minecraft:furnace":4,"biomesoplenty:toadstool":1,"minecraft:iron_ore":92,"minecraft:andesite":9,"minecraft:pumpkin":9,"minecraft:deepslate_lapis_ore":8,"minecraft:azure_bluet":2,"minecraft:bookshelf":4,"minecraft:deepslate_iron_ore":3,"minecraft:water_cauldron":1,"minecraft:dirt_path":2,"minecraft:oak_stairs":6,"minecraft:stripped_oak_log":16,"minecraft:stone":331,"quark:red_corundum_cluster":1,"quark:blue_corundum":11,"quark:oak_chest":3,"minecraft:dandelion":13,"minecraft:cornflower":5,"minecraft:crafting_table":8,"biomesoplenty:fir_planks":2,"minecraft:poppy":10,"minecraft:tall_grass":16,"quark:blue_corundum_cluster":3,"minecraft:nether_quartz_ore":9,"minecraft:copper_ore":10,"minecraft:cobblestone":17,"minecraft:deepslate_gold_ore":11,"biomesoplenty:sprout":2,"minecraft:lapis_ore":1,"minecraft:grindstone":1,"minecraft:oak_planks":77,"minecraft:sugar_cane":29,"minecraft:diorite":23,"minecraft:wall_torch":1,"minecraft:birch_planks":1,"minecraft:wheat":6,"biomesoplenty:fir_log":29,"minecraft:stone_brick_stairs":3,"minecraft:grass":241,"minecraft:coal_ore":103,"minecraft:oak_log":83,"biomesoplenty:fir_leaves":1,"minecraft:gravel":8,"minecraft:sand":59,"minecraft:dirt":1034,"minecraft:netherrack":1,"minecraft:oak_leaves":21,"minecraft:deepslate":5,"minecraft:fern":36}},"DataVersion":3465}