{"stats":{"minecraft:killed_by":{"minecraft:drowned":1,"minecraft:skeleton":6,"minecraft:zombie":2},"minecraft:dropped":{"minecraft:bread":17,"minecraft:wheat_seeds":16,"minecraft:feather":3,"minecraft:cobblestone":4,"minecraft:granite":2,"jet_and_elias_armors:japanese_footsoldier_chestplate":1,"minecraft:coal":3,"minecraft:oxeye_daisy":1,"minecraft:dirt":64,"minecraft:diorite":1,"minecraft:cornflower":11,"minecraft:cherry_planks":2,"minecraft:oak_stairs":8,"minecraft:rotten_flesh":6,"minecraft:azure_bluet":1,"minecraft:oak_sapling":7,"minecraft:stone_pickaxe":1},"minecraft:mined":{"quark:red_corundum":2,"minecraft:white_bed":8,"minecraft:farmland":1,"minecraft:carved_pumpkin":2,"minecraft:granite":2,"minecraft:stone_brick_wall":1,"minecraft:grass_block":500,"minecraft:oxeye_daisy":1,"minecraft:hay_block":14,"minecraft:tall_seagrass":1,"minecraft:furnace":3,"biomesoplenty:toadstool":1,"minecraft:iron_ore":58,"minecraft:andesite":9,"minecraft:pumpkin":9,"minecraft:deepslate_lapis_ore":8,"minecraft:azure_bluet":1,"minecraft:deepslate_iron_ore":3,"minecraft:bookshelf":4,"minecraft:water_cauldron":1,"minecraft:dirt_path":2,"minecraft:oak_stairs":6,"minecraft:stripped_oak_log":16,"minecraft:stone":319,"quark:red_corundum_cluster":1,"quark:blue_corundum":11,"quark:oak_chest":3,"minecraft:dandelion":13,"minecraft:crafting_table":5,"minecraft:cornflower":4,"biomesoplenty:fir_planks":2,"minecraft:poppy":7,"quark:blue_corundum_cluster":3,"minecraft:cobblestone":9,"minecraft:tall_grass":7,"minecraft:copper_ore":10,"minecraft:deepslate_gold_ore":4,"minecraft:lapis_ore":1,"biomesoplenty:sprout":1,"minecraft:grindstone":1,"minecraft:sugar_cane":11,"minecraft:oak_planks":75,"minecraft:diorite":23,"minecraft:wall_torch":1,"minecraft:wheat":2,"biomesoplenty:fir_log":29,"minecraft:stone_brick_stairs":3,"minecraft:grass":211,"minecraft:oak_log":73,"minecraft:coal_ore":102,"biomesoplenty:fir_leaves":1,"minecraft:sand":59,"minecraft:dirt":1023,"minecraft:deepslate":4,"minecraft:oak_leaves":20,"minecraft:fern":36},"minecraft:used":{"minecraft:stone_sword":28,"minecraft:iron_shovel":250,"minecraft:stone_shovel":1440,"minecraft:shield":46,"minecraft:stone":8,"minecraft:cooked_chicken":2,"minecraft:stone_hoe":21,"minecraft:rotten_flesh":9,"minecraft:torch":24,"jet_and_elias_armors:ronin_robe_red_black_sleeves_chestplate":1,"minecraft:dirt":496,"minecraft:glass":53,"biomesoplenty:fir_sapling":1,"minecraft:lantern":2,"minecraft:iron_axe":31,"minecraft:oak_stairs":154,"minecraft:iron_boots":1,"minecraft:stone_brick_stairs":63,"minecraft:bow":7,"minecraft:furnace":10,"minecraft:oak_sapling":16,"minecraft:cooked_beef":1,"minecraft:wheat_seeds":18,"minecraft:cooked_mutton":20,"minecraft:diorite":16,"minecraft:stone_pickaxe":99,"minecraft:oak_planks":81,"minecraft:wooden_pickaxe":21,"jet_and_elias_armors:japanese_footsoldier_helmet":1,"biomesoplenty:fir_planks":34,"minecraft:sugar_cane":20,"minecraft:salmon":2,"minecraft:crafting_table":8,"minecraft:white_bed":7,"minecraft:stone_brick_wall":17,"jet_and_elias_armors:ronin_robe_red_chestplate":1,"minecraft:cornflower":1,"minecraft:bread":26,"minecraft:iron_pickaxe":486,"jet_and_elias_armors:japanese_footsoldier_chestplate":1,"minecraft:stone_axe":417,"minecraft:cobblestone":24,"minecraft:bucket":1,"minecraft:andesite":9,"quark:oak_chest":7,"minecraft:dandelion":1,"minecraft:bone_meal":6},"minecraft:killed":{"minecraft:spider":7,"minecraft:skeleton":6,"minecraft:horse":4,"minecraft:chicken":4,"minecraft:drowned":2,"minecraft:pig":1,"minecraft:salmon":2,"minecraft:creeper":1,"minecraft:sheep":17,"minecraft:pillager":3,"minecraft:zombie":31,"minecraft:cow":4},"minecraft:custom":{"minecraft:mob_kills":83,"minecraft:interact_with_crafting_table":82,"minecraft:leave_game":9,"minecraft:time_since_death":22828,"minecraft:sprint_one_cm":530743,"minecraft:walk_one_cm":746974,"minecraft:damage_blocked_by_shield":3000,"minecraft:drop":22,"minecraft:sneak_time":4134,"minecraft:play_time":296808,"minecraft:deaths":9,"minecraft:walk_under_water_one_cm":20880,"minecraft:jump":3492,"minecraft:walk_on_water_one_cm":30175,"minecraft:total_world_time":296808,"minecraft:interact_with_furnace":123,"minecraft:sleep_in_bed":18,"minecraft:time_since_rest":15985,"minecraft:damage_taken":4774,"minecraft:damage_dealt":13143,"minecraft:player_kills":1,"minecraft:fly_one_cm":731879,"minecraft:swim_one_cm":21561,"minecraft:open_chest":40,"minecraft:crouch_one_cm":5499,"minecraft:fall_one_cm":73966},"minecraft:picked_up":{"jet_and_elias_armors:ronin_robe_red_black_sleeves_chestplate":3,"minecraft:crafting_table":6,"minecraft:wheat":5,"minecraft:azure_bluet":1,"minecraft:chicken":6,"minecraft:wooden_pickaxe":2,"minecraft:oak_stairs":10,"minecraft:stone_brick_wall":3,"minecraft:stone_brick_stairs":3,"minecraft:shield":1,"minecraft:iron_axe":1,"minecraft:cornflower":12,"minecraft:string":4,"minecraft:raw_copper":32,"minecraft:cobbled_deepslate":4,"biomesoplenty:fir_planks":40,"minecraft:beef":24,"minecraft:iron_nugget":3,"minecraft:poppy":7,"minecraft:iron_pickaxe":5,"minecraft:light_gray_wool":3,"minecraft:sugar_cane":20,"minecraft:iron_boots":1,"minecraft:furnace":4,"minecraft:egg":1,"minecraft:stick":24,"minecraft:raw_iron":79,"minecraft:stone":8,"jet_and_elias_armors:japanese_footsoldier_helmet":3,"minecraft:copper_ingot":15,"minecraft:torch":21,"minecraft:porkchop":2,"minecraft:diorite":24,"minecraft:cauldron":1,"minecraft:black_dye":1,"minecraft:stone_shovel":7,"minecraft:stone_sword":2,"minecraft:arrow":22,"minecraft:rotten_flesh":33,"minecraft:hay_block":14,"minecraft:carved_pumpkin":4,"minecraft:mutton":32,"minecraft:white_wool":13,"minecraft:cobblestone":349,"minecraft:oxeye_daisy":1,"minecraft:stripped_oak_log":16,"minecraft:feather":5,"minecraft:cherry_planks":2,"minecraft:andesite":9,"minecraft:salmon":2,"minecraft:brown_wool":2,"minecraft:leather":15,"biomesoplenty:fir_sapling":11,"biomesoplenty:fir_log":30,"minecraft:oak_log":79,"minecraft:lapis_lazuli":55,"minecraft:dirt":1553,"minecraft:lantern":3,"minecraft:bone":23,"minecraft:apple":6,"minecraft:stone_bricks":4,"minecraft:bow":5,"minecraft:wheat_seeds":52,"minecraft:raw_gold":4,"minecraft:iron_ingot":4,"minecraft:grindstone":1,"minecraft:stone_pickaxe":2,"minecraft:oak_planks":95,"minecraft:stone_hoe":3,"minecraft:book":12,"biomesoplenty:toadstool":2,"quark:red_corundum_cluster":5,"minecraft:pumpkin":18,"minecraft:dandelion":49,"minecraft:sand":59,"minecraft:ink_sac":3,"minecraft:white_bed":9,"quark:oak_chest":3,"quark:red_corundum":2,"quark:blue_corundum_cluster":16,"minecraft:spider_eye":2,"minecraft:leather_helmet":1,"minecraft:diamond":1,"minecraft:stone_axe":4,"minecraft:granite":2,"minecraft:bread":56,"minecraft:oak_sapling":27,"quark:blue_corundum":11,"minecraft:coal":149},"minecraft:crafted":{"minecraft:black_dye":3,"minecraft:oak_planks":312,"minecraft:stone_shovel":13,"minecraft:stone_brick_wall":18,"minecraft:iron_nugget":27,"minecraft:cooked_chicken":2,"minecraft:furnace":7,"minecraft:stone":170,"minecraft:bone_meal":6,"jet_and_elias_armors:ronin_robe_red_black_sleeves_chestplate":1,"minecraft:cooked_mutton":20,"minecraft:stone_stairs":28,"minecraft:glass":53,"minecraft:lantern":3,"minecraft:iron_boots":1,"minecraft:iron_axe":1,"minecraft:stone_pickaxe":3,"jet_and_elias_armors:japanese_footsoldier_helmet":1,"jet_and_elias_armors:japanese_footsoldier_chestplate":1,"minecraft:stone_hoe":1,"minecraft:stone_bricks":112,"minecraft:wheat":126,"minecraft:cooked_beef":12,"minecraft:red_dye":7,"minecraft:crafting_table":4,"minecraft:wooden_pickaxe":2,"minecraft:red_wool":7,"minecraft:copper_ingot":16,"minecraft:bucket":1,"jet_and_elias_armors:ronin_robe_red_chestplate":1,"minecraft:stone_axe":4,"minecraft:bread":42,"minecraft:air":0,"biomesoplenty:fir_planks":84,"minecraft:stone_brick_stairs":60,"minecraft:charcoal":4,"minecraft:shield":1,"minecraft:stick":56,"quark:oak_chest":4,"minecraft:iron_ingot":38,"minecraft:iron_pickaxe":1,"minecraft:oak_stairs":160,"minecraft:stone_sword":1,"minecraft:iron_shovel":1,"minecraft:torch":32},"minecraft:broken":{"minecraft:iron_shovel":1,"minecraft:shield":1,"minecraft:stone_axe":3,"minecraft:iron_pickaxe":1,"minecraft:stone_shovel":10}},"DataVersion":3465}