{"stats":{"minecraft:crafted":{"minecraft:black_dye":3,"minecraft:oak_planks":384,"jet_and_elias_armors:red_mercenary_heavy_helmet":1,"jet_and_elias_armors:red_mercenary_heavy_leggings":2,"minecraft:cooked_chicken":2,"minecraft:stone":170,"quark:deepslate_furnace":1,"minecraft:heavy_weighted_pressure_plate":12,"minecraft:cooked_mutton":20,"minecraft:glass":84,"jet_and_elias_armors:mercenary_gear_chestplate":2,"minecraft:iron_boots":1,"sophisticatedbackpacks:copper_backpack":2,"jet_and_elias_armors:red_mercenary_heavy_chestplate":1,"jet_and_elias_armors:japanese_footsoldier_helmet":2,"minecraft:stone_hoe":1,"minecraft:stone_bricks":112,"jet_and_elias_armors:wokou_armor_helmet":1,"sophisticatedbackpacks:backpack":2,"minecraft:cooked_porkchop":11,"minecraft:crafting_table":7,"minecraft:iron_helmet":1,"minecraft:baked_potato":6,"minecraft:wooden_pickaxe":2,"jet_and_elias_armors:pink_mercenary_heavy_chestplate":1,"minecraft:red_wool":8,"minecraft:copper_ingot":29,"jet_and_elias_armors:ronin_robe_red_chestplate":1,"biomesoplenty:fir_planks":84,"minecraft:stone_brick_stairs":60,"minecraft:charcoal":4,"minecraft:diamond_pickaxe":1,"minecraft:shield":5,"minecraft:stick":72,"quark:oak_chest":6,"minecraft:iron_pickaxe":2,"minecraft:iron_ingot":104,"minecraft:stone_sword":1,"minecraft:gold_ingot":18,"minecraft:light_gray_dye":3,"jet_and_elias_armors:mercenary_gear_boots":2,"minecraft:shears":1,"minecraft:stone_shovel":13,"minecraft:stone_brick_wall":18,"jet_and_elias_armors:pink_mercenary_heavy_helmet":1,"minecraft:iron_nugget":45,"minecraft:spyglass":2,"minecraft:furnace":9,"minecraft:bone_meal":21,"jet_and_elias_armors:ronin_robe_red_black_sleeves_chestplate":1,"minecraft:pink_dye":1,"minecraft:flint_and_steel":1,"minecraft:stone_stairs":28,"jet_and_elias_armors:mercenary_gear_helmet":2,"minecraft:lantern":3,"minecraft:iron_axe":3,"minecraft:stone_pickaxe":4,"jet_and_elias_armors:japanese_footsoldier_chestplate":1,"minecraft:wheat":126,"sophisticatedbackpacks:iron_backpack":3,"minecraft:cooked_beef":13,"minecraft:red_dye":13,"sophisticatedbackpacks:gold_backpack":3,"minecraft:bucket":1,"minecraft:stone_axe":4,"minecraft:bread":48,"minecraft:air":0,"jet_and_elias_armors:gladiator_armor_boots":2,"minecraft:blue_dye":1,"minecraft:white_dye":1,"minecraft:oak_stairs":160,"minecraft:iron_shovel":1,"jet_and_elias_armors:mercenary_gear_leggings":2,"minecraft:torch":68},"minecraft:broken":{"minecraft:iron_shovel":1,"minecraft:stone_axe":4,"minecraft:stone_shovel":10,"minecraft:shield":4,"minecraft:iron_axe":2,"minecraft:iron_pickaxe":2},"minecraft:mined":{"minecraft:white_bed":8,"minecraft:oak_sapling":2,"minecraft:farmland":1,"minecraft:carved_pumpkin":2,"minecraft:obsidian":4,"biomesoplenty:burning_blossom":1,"minecraft:granite":6,"biomesoplenty:bramble":18,"minecraft:grass_block":510,"minecraft:stone_brick_wall":1,"minecraft:crimson_fungus":1,"minecraft:oxeye_daisy":4,"biomesoplenty:bramble_leaves":6,"minecraft:tall_seagrass":1,"minecraft:weeping_vines_plant":1,"minecraft:glowstone":7,"minecraft:iron_ore":97,"minecraft:fire":4,"minecraft:pumpkin":9,"minecraft:deepslate_lapis_ore":10,"minecraft:azure_bluet":2,"minecraft:dirt_path":4,"minecraft:water_cauldron":1,"minecraft:oak_stairs":6,"quark:red_corundum_cluster":1,"minecraft:deepslate_redstone_ore":6,"minecraft:poppy":16,"quark:blue_corundum_cluster":3,"minecraft:nether_quartz_ore":9,"minecraft:glass":1,"minecraft:cobblestone":25,"minecraft:sugar_cane":29,"minecraft:grindstone":1,"minecraft:oak_planks":77,"minecraft:wall_torch":1,"minecraft:pink_petals":6,"minecraft:nether_wart_block":15,"minecraft:wheat":6,"biomesoplenty:fir_log":29,"minecraft:stone_brick_stairs":3,"minecraft:grass":250,"minecraft:oak_log":133,"minecraft:sand":91,"minecraft:dirt":1040,"minecraft:netherrack":4,"minecraft:oak_leaves":27,"minecraft:deepslate":28,"quark:red_corundum":2,"minecraft:diamond_ore":6,"minecraft:tuff":13,"minecraft:deepslate_diamond_ore":1,"biomesoplenty:dead_grass":3,"minecraft:hay_block":14,"minecraft:furnace":4,"biomesoplenty:toadstool":1,"minecraft:andesite":9,"minecraft:bookshelf":4,"minecraft:potatoes":1,"minecraft:shroomlight":4,"minecraft:deepslate_iron_ore":45,"minecraft:stripped_oak_log":16,"minecraft:stone":362,"quark:blue_corundum":11,"quark:oak_chest":3,"minecraft:dandelion":13,"minecraft:crafting_table":9,"minecraft:cornflower":5,"biomesoplenty:fir_planks":2,"minecraft:copper_ore":10,"minecraft:tall_grass":21,"minecraft:deepslate_gold_ore":22,"biomesoplenty:sprout":2,"minecraft:lapis_ore":1,"minecraft:diorite":24,"minecraft:birch_planks":1,"minecraft:coal_ore":111,"biomesoplenty:fir_leaves":1,"minecraft:gravel":8,"minecraft:gold_ore":8,"minecraft:fern":36},"minecraft:custom":{"minecraft:interact_with_crafting_table":139,"minecraft:bell_ring":6,"minecraft:leave_game":26,"minecraft:time_since_death":36167,"minecraft:sprint_one_cm":1105844,"minecraft:damage_blocked_by_shield":11303,"minecraft:drop":59,"minecraft:play_time":551225,"minecraft:deaths":23,"minecraft:jump":6551,"minecraft:walk_on_water_one_cm":61023,"minecraft:interact_with_furnace":178,"minecraft:sleep_in_bed":27,"minecraft:damage_dealt":30246,"minecraft:player_kills":1,"minecraft:crouch_one_cm":13693,"tombstone:undead_killed":48,"minecraft:mob_kills":178,"minecraft:climb_one_cm":336,"minecraft:walk_one_cm":1314868,"minecraft:sneak_time":7997,"minecraft:walk_under_water_one_cm":36342,"minecraft:total_world_time":551225,"tombstone:raider_killed":16,"minecraft:raid_trigger":1,"minecraft:time_since_rest":35949,"minecraft:damage_taken":11153,"minecraft:swim_one_cm":49010,"minecraft:fly_one_cm":1354288,"minecraft:open_chest":70,"minecraft:fall_one_cm":137133},"minecraft:killed_by":{"minecraft:ghast":1,"minecraft:creeper":3,"minecraft:ravager":3,"minecraft:drowned":2,"minecraft:vindicator":1,"minecraft:zombie":4,"minecraft:hoglin":1,"minecraft:skeleton":6},"minecraft:dropped":{"sophisticatedbackpacks:iron_backpack":1,"minecraft:cooked_beef":1,"minecraft:oak_log":26,"jet_and_elias_armors:wokou_armor_helmet":1,"minecraft:cooked_porkchop":3,"sophisticatedbackpacks:gold_backpack":1,"minecraft:dirt":64,"minecraft:cornflower":11,"minecraft:spyglass":1,"jet_and_elias_armors:pink_mercenary_heavy_helmet":1,"minecraft:rotten_flesh":9,"minecraft:azure_bluet":1,"minecraft:leather_leggings":1,"jet_and_elias_armors:gladiator_armor_boots":1,"minecraft:iron_ingot":1,"minecraft:bread":17,"minecraft:oak_slab":1,"minecraft:wheat_seeds":16,"minecraft:feather":3,"minecraft:iron_helmet":1,"minecraft:cobblestone":4,"minecraft:granite":2,"jet_and_elias_armors:japanese_footsoldier_chestplate":1,"minecraft:coal":3,"minecraft:oxeye_daisy":1,"minecraft:diorite":3,"minecraft:torch":2,"minecraft:cherry_planks":2,"minecraft:oak_stairs":8,"jet_and_elias_armors:pink_mercenary_heavy_chestplate":2,"minecraft:stone_shovel":1,"minecraft:iron_boots":1,"minecraft:name_tag":1,"jet_and_elias_armors:red_mercenary_heavy_leggings":1,"minecraft:potato":3,"minecraft:bundle":1,"minecraft:oak_sapling":8,"minecraft:spider_eye":4,"minecraft:bow":1,"minecraft:stone_pickaxe":1},"minecraft:picked_up":{"jet_and_elias_armors:ronin_robe_red_black_sleeves_chestplate":3,"biomesoplenty:burning_blossom":1,"minecraft:wheat":31,"minecraft:oak_stairs":10,"minecraft:stone_brick_stairs":3,"minecraft:string":18,"minecraft:raw_copper":32,"minecraft:shroomlight":3,"minecraft:cobbled_deepslate":28,"biomesoplenty:fir_planks":40,"minecraft:iron_pickaxe":5,"minecraft:iron_boots":2,"minecraft:furnace":5,"minecraft:stick":27,"jet_and_elias_armors:japanese_footsoldier_helmet":3,"minecraft:torch":23,"minecraft:porkchop":11,"tombstone:grave_dust":6,"minecraft:diorite":26,"minecraft:cauldron":1,"minecraft:black_dye":1,"minecraft:stone_sword":2,"quark:clear_shard":2,"minecraft:rotten_flesh":66,"minecraft:carved_pumpkin":4,"minecraft:obsidian":4,"minecraft:cobblestone":401,"minecraft:pink_petals":22,"minecraft:feather":5,"minecraft:cooked_beef":1,"minecraft:cherry_planks":16,"minecraft:cherry_leaves":1,"minecraft:andesite":9,"minecraft:brown_wool":2,"minecraft:potato":11,"biomesoplenty:fir_sapling":11,"biomesoplenty:fir_log":30,"minecraft:flint":1,"minecraft:tuff":13,"minecraft:lapis_lazuli":60,"minecraft:dirt":1621,"minecraft:lantern":3,"minecraft:name_tag":1,"minecraft:leather_boots":1,"minecraft:bone":45,"minecraft:bow":7,"minecraft:wheat_seeds":112,"minecraft:raw_gold":29,"minecraft:grindstone":1,"minecraft:glowstone_dust":21,"minecraft:stone_hoe":3,"minecraft:oak_planks":97,"biomesoplenty:toadstool":2,"minecraft:sand":90,"sophisticatedbackpacks:iron_backpack":1,"minecraft:ink_sac":3,"quark:red_corundum":2,"minecraft:bundle":2,"minecraft:diamond":8,"minecraft:granite":7,"minecraft:grass":2,"minecraft:bread":59,"minecraft:emerald":1,"minecraft:oak_sapling":47,"minecraft:netherrack":22,"minecraft:crafting_table":10,"minecraft:azure_bluet":2,"minecraft:chicken":6,"minecraft:leather_leggings":1,"minecraft:wooden_pickaxe":2,"minecraft:pink_wool":3,"minecraft:stone_brick_wall":3,"minecraft:shield":1,"minecraft:cornflower":13,"minecraft:iron_axe":1,"minecraft:beef":25,"minecraft:iron_nugget":3,"minecraft:poppy":16,"minecraft:light_gray_wool":3,"minecraft:sugar_cane":56,"minecraft:egg":3,"minecraft:raw_iron":190,"minecraft:stone":8,"minecraft:copper_ingot":16,"minecraft:redstone":22,"minecraft:arrow":33,"minecraft:stone_shovel":8,"minecraft:hay_block":14,"minecraft:mutton":32,"minecraft:white_wool":25,"minecraft:oxeye_daisy":4,"minecraft:stripped_oak_log":16,"minecraft:glow_ink_sac":5,"minecraft:salmon":2,"minecraft:leather":24,"minecraft:birch_planks":1,"minecraft:crimson_fungus":1,"minecraft:oak_log":141,"minecraft:nether_wart_block":13,"minecraft:gunpowder":4,"minecraft:white_banner":3,"minecraft:apple":9,"minecraft:stone_bricks":4,"gnumus:gnumus_horn":1,"minecraft:iron_ingot":11,"minecraft:stone_pickaxe":2,"jet_and_elias_armors:pink_mercenary_heavy_chestplate":1,"minecraft:book":12,"minecraft:oak_slab":2,"quark:red_corundum_cluster":5,"minecraft:pumpkin":18,"minecraft:red_wool":3,"minecraft:quartz":9,"minecraft:dandelion":49,"minecraft:gravel":7,"minecraft:white_bed":9,"quark:oak_chest":3,"quark:blue_corundum_cluster":16,"minecraft:spider_eye":10,"minecraft:leather_helmet":1,"biomesoplenty:bramble":9,"minecraft:stone_axe":4,"minecraft:iron_helmet":1,"minecraft:cherry_sapling":1,"quark:blue_corundum":11,"minecraft:coal":173},"minecraft:used":{"minecraft:cherry_sapling":1,"minecraft:iron_shovel":250,"minecraft:shield":164,"minecraft:stone":8,"biomesoplenty:bramble":2,"minecraft:rotten_flesh":29,"jet_and_elias_armors:ronin_robe_red_black_sleeves_chestplate":1,"jet_and_elias_armors:red_mercenary_heavy_helmet":1,"minecraft:glass":84,"minecraft:lava_bucket":31,"quark:deepslate_furnace":1,"biomesoplenty:fir_sapling":1,"minecraft:lantern":2,"minecraft:cherry_leaves":1,"minecraft:stone_brick_stairs":63,"minecraft:bow":25,"minecraft:furnace":12,"minecraft:oak_sapling":18,"minecraft:potato":2,"minecraft:diorite":18,"jet_and_elias_armors:red_mercenary_heavy_chestplate":1,"minecraft:stone_pickaxe":174,"minecraft:oak_planks":83,"minecraft:wooden_pickaxe":21,"jet_and_elias_armors:japanese_footsoldier_helmet":1,"biomesoplenty:fir_planks":34,"minecraft:sugar_cane":20,"minecraft:stone_brick_wall":17,"minecraft:bread":42,"minecraft:gravel":5,"minecraft:andesite":9,"minecraft:bone_meal":20,"minecraft:stone_sword":28,"minecraft:flint_and_steel":1,"minecraft:stone_shovel":1483,"minecraft:stone_hoe":34,"minecraft:cooked_chicken":2,"minecraft:torch":55,"minecraft:dirt":509,"minecraft:spyglass":27,"minecraft:granite":5,"minecraft:iron_axe":355,"minecraft:oak_stairs":154,"minecraft:iron_boots":1,"tombstone:gift":9,"minecraft:cooked_beef":13,"minecraft:cobbled_deepslate":9,"minecraft:wheat_seeds":21,"minecraft:cooked_mutton":20,"minecraft:water_bucket":16,"minecraft:baked_potato":6,"minecraft:cherry_planks":14,"minecraft:salmon":2,"minecraft:crafting_table":16,"minecraft:white_bed":7,"jet_and_elias_armors:ronin_robe_red_chestplate":1,"jet_and_elias_armors:red_mercenary_heavy_leggings":1,"minecraft:oak_log":2,"minecraft:diamond_pickaxe":178,"minecraft:cornflower":1,"minecraft:apple":1,"minecraft:oxeye_daisy":1,"minecraft:iron_pickaxe":507,"jet_and_elias_armors:japanese_footsoldier_chestplate":1,"minecraft:stone_axe":472,"minecraft:pink_petals":22,"minecraft:cobblestone":75,"minecraft:cooked_porkchop":6,"minecraft:bucket":48,"quark:oak_chest":7,"minecraft:dandelion":1},"minecraft:killed":{"minecraft:cave_spider":1,"minecraft:spider":21,"minecraft:skeleton":21,"minecraft:chicken":4,"minecraft:pig":3,"minecraft:zombie_villager":1,"minecraft:salmon":2,"minecraft:creeper":3,"minecraft:sheep":17,"minecraft:pillager":17,"minecraft:zombie":59,"minecraft:cow":5,"minecraft:vindicator":2,"minecraft:horse":8,"minecraft:drowned":6}},"DataVersion":3465}