{"stats":{"minecraft:killed":{"minecraft:pig":1,"minecraft:salmon":2,"minecraft:spider":2,"minecraft:horse":3,"minecraft:sheep":7,"minecraft:zombie":8,"minecraft:chicken":4,"minecraft:drowned":1},"minecraft:killed_by":{"minecraft:skeleton":3,"minecraft:zombie":2},"minecraft:dropped":{"minecraft:cobblestone":4,"minecraft:rotten_flesh":2,"minecraft:cornflower":8,"minecraft:stone_pickaxe":1},"minecraft:custom":{"minecraft:interact_with_furnace":15,"minecraft:mob_kills":28,"minecraft:interact_with_crafting_table":29,"minecraft:leave_game":3,"minecraft:time_since_death":32102,"minecraft:time_since_rest":32147,"minecraft:sprint_one_cm":166137,"minecraft:damage_taken":1620,"minecraft:walk_one_cm":128416,"minecraft:drop":5,"minecraft:damage_dealt":4002,"minecraft:swim_one_cm":14576,"minecraft:fly_one_cm":212370,"minecraft:crouch_one_cm":1267,"minecraft:play_time":94182,"minecraft:deaths":5,"minecraft:sneak_time":1721,"minecraft:walk_under_water_one_cm":9302,"minecraft:jump":1036,"minecraft:walk_on_water_one_cm":14717,"minecraft:total_world_time":94182,"minecraft:fall_one_cm":26183},"minecraft:crafted":{"minecraft:oak_planks":20,"minecraft:crafting_table":3,"minecraft:wooden_pickaxe":2,"minecraft:furnace":3,"minecraft:copper_ingot":16,"minecraft:stone_axe":2,"minecraft:cooked_mutton":5,"minecraft:air":0,"biomesoplenty:fir_planks":84,"minecraft:stick":20,"minecraft:iron_ingot":5,"minecraft:iron_pickaxe":1,"minecraft:stone_pickaxe":3,"minecraft:stone_sword":1,"minecraft:torch":8},"minecraft:picked_up":{"minecraft:crafting_table":1,"minecraft:feather":5,"minecraft:chicken":6,"minecraft:salmon":2,"minecraft:andesite":8,"minecraft:leather":5,"minecraft:brown_wool":2,"minecraft:wooden_pickaxe":2,"biomesoplenty:fir_sapling":11,"biomesoplenty:fir_log":30,"minecraft:oak_log":5,"minecraft:cornflower":8,"minecraft:dirt":76,"minecraft:string":3,"minecraft:raw_copper":32,"minecraft:bone":2,"minecraft:wheat_seeds":25,"biomesoplenty:fir_planks":40,"minecraft:stone_pickaxe":2,"minecraft:light_gray_wool":1,"minecraft:sugar_cane":2,"minecraft:furnace":1,"minecraft:egg":1,"minecraft:book":12,"biomesoplenty:toadstool":2,"minecraft:stick":11,"minecraft:raw_iron":5,"quark:red_corundum_cluster":5,"minecraft:torch":1,"minecraft:porkchop":2,"minecraft:diorite":20,"minecraft:white_bed":3,"quark:blue_corundum_cluster":16,"quark:red_corundum":2,"minecraft:spider_eye":1,"minecraft:stone_sword":2,"minecraft:arrow":2,"minecraft:rotten_flesh":10,"minecraft:hay_block":8,"minecraft:oak_sapling":3,"quark:blue_corundum":11,"minecraft:mutton":17,"minecraft:coal":31,"minecraft:white_wool":5,"minecraft:cobblestone":99},"minecraft:used":{"minecraft:cooked_mutton":5,"minecraft:diorite":15,"minecraft:stone_sword":28,"minecraft:stone_pickaxe":99,"minecraft:wooden_pickaxe":21,"biomesoplenty:fir_planks":34,"minecraft:sugar_cane":2,"minecraft:rotten_flesh":8,"minecraft:salmon":2,"minecraft:torch":6,"minecraft:dirt":13,"minecraft:crafting_table":4,"biomesoplenty:fir_sapling":1,"minecraft:iron_pickaxe":72,"minecraft:stone_axe":78,"minecraft:cobblestone":11,"minecraft:furnace":4,"minecraft:andesite":8},"minecraft:mined":{"quark:red_corundum":2,"minecraft:white_bed":3,"quark:blue_corundum":11,"minecraft:crafting_table":1,"biomesoplenty:fir_planks":2,"minecraft:grass_block":11,"quark:blue_corundum_cluster":3,"minecraft:cobblestone":2,"minecraft:tall_grass":5,"minecraft:copper_ore":10,"biomesoplenty:sprout":1,"minecraft:sugar_cane":1,"minecraft:diorite":20,"minecraft:wall_torch":1,"minecraft:hay_block":8,"minecraft:furnace":1,"biomesoplenty:toadstool":1,"minecraft:iron_ore":5,"minecraft:andesite":8,"biomesoplenty:fir_log":29,"minecraft:grass":70,"minecraft:bookshelf":4,"minecraft:oak_log":5,"minecraft:coal_ore":28,"biomesoplenty:fir_leaves":1,"minecraft:dirt":48,"minecraft:stone":87,"minecraft:oak_leaves":5,"quark:red_corundum_cluster":1,"minecraft:fern":35}},"DataVersion":3465}