{"stats":{"minecraft:killed_by":{"minecraft:skeleton":3,"minecraft:zombie":2},"minecraft:dropped":{"minecraft:wheat_seeds":10,"minecraft:feather":3,"minecraft:cobblestone":4,"jet_and_elias_armors:japanese_footsoldier_chestplate":1,"minecraft:diorite":1,"minecraft:cornflower":8,"minecraft:rotten_flesh":2,"minecraft:oak_sapling":7,"minecraft:stone_pickaxe":1},"minecraft:mined":{"quark:red_corundum":2,"minecraft:white_bed":6,"minecraft:carved_pumpkin":2,"minecraft:grass_block":213,"minecraft:hay_block":14,"minecraft:furnace":1,"biomesoplenty:toadstool":1,"minecraft:iron_ore":5,"minecraft:andesite":8,"minecraft:pumpkin":9,"minecraft:bookshelf":4,"minecraft:water_cauldron":1,"minecraft:stone":87,"quark:red_corundum_cluster":1,"quark:blue_corundum":11,"quark:oak_chest":2,"minecraft:dandelion":1,"minecraft:cornflower":1,"minecraft:crafting_table":1,"biomesoplenty:fir_planks":2,"minecraft:poppy":7,"minecraft:cobblestone":4,"quark:blue_corundum_cluster":3,"minecraft:copper_ore":10,"minecraft:tall_grass":7,"biomesoplenty:sprout":1,"minecraft:grindstone":1,"minecraft:sugar_cane":1,"minecraft:oak_planks":3,"minecraft:diorite":20,"minecraft:wall_torch":1,"biomesoplenty:fir_log":29,"minecraft:grass":112,"minecraft:coal_ore":28,"minecraft:oak_log":15,"biomesoplenty:fir_leaves":1,"minecraft:dirt":61,"minecraft:oak_leaves":7,"minecraft:fern":36},"minecraft:used":{"minecraft:stone_sword":28,"minecraft:stone_shovel":211,"minecraft:stone_hoe":3,"minecraft:cooked_chicken":2,"minecraft:rotten_flesh":9,"minecraft:torch":6,"minecraft:dirt":281,"biomesoplenty:fir_sapling":1,"minecraft:oak_sapling":7,"minecraft:furnace":4,"minecraft:wheat_seeds":3,"minecraft:cooked_mutton":5,"minecraft:diorite":15,"minecraft:stone_pickaxe":99,"minecraft:oak_planks":61,"minecraft:wooden_pickaxe":21,"biomesoplenty:fir_planks":34,"minecraft:sugar_cane":2,"minecraft:salmon":2,"minecraft:crafting_table":4,"minecraft:white_bed":5,"jet_and_elias_armors:ronin_robe_red_chestplate":1,"minecraft:cornflower":1,"minecraft:bread":11,"minecraft:iron_pickaxe":83,"jet_and_elias_armors:japanese_footsoldier_chestplate":1,"minecraft:stone_axe":151,"minecraft:cobblestone":11,"minecraft:andesite":8,"quark:oak_chest":2,"minecraft:dandelion":1,"minecraft:bone_meal":6},"minecraft:killed":{"minecraft:spider":2,"minecraft:horse":3,"minecraft:chicken":4,"minecraft:drowned":1,"minecraft:pig":1,"minecraft:salmon":2,"minecraft:creeper":1,"minecraft:sheep":17,"minecraft:zombie":19,"minecraft:cow":3},"minecraft:custom":{"minecraft:mob_kills":53,"minecraft:interact_with_crafting_table":43,"minecraft:leave_game":4,"minecraft:time_since_death":79166,"minecraft:sprint_one_cm":311127,"minecraft:walk_one_cm":266807,"minecraft:drop":10,"minecraft:play_time":141246,"minecraft:sneak_time":2566,"minecraft:deaths":5,"minecraft:walk_under_water_one_cm":9790,"minecraft:jump":1844,"minecraft:walk_on_water_one_cm":15395,"minecraft:total_world_time":141246,"minecraft:interact_with_furnace":19,"minecraft:sleep_in_bed":4,"minecraft:time_since_rest":6274,"minecraft:damage_taken":2083,"minecraft:damage_dealt":7359,"minecraft:swim_one_cm":14576,"minecraft:fly_one_cm":412129,"minecraft:player_kills":1,"minecraft:open_chest":17,"minecraft:crouch_one_cm":3050,"minecraft:fall_one_cm":42761},"minecraft:picked_up":{"minecraft:crafting_table":1,"minecraft:wheat":2,"minecraft:chicken":6,"minecraft:wooden_pickaxe":2,"minecraft:cornflower":9,"minecraft:string":3,"minecraft:raw_copper":32,"biomesoplenty:fir_planks":40,"minecraft:beef":9,"minecraft:poppy":7,"minecraft:iron_pickaxe":2,"minecraft:light_gray_wool":3,"minecraft:sugar_cane":2,"minecraft:furnace":1,"minecraft:egg":1,"minecraft:stick":11,"minecraft:raw_iron":5,"minecraft:torch":1,"minecraft:porkchop":2,"minecraft:diorite":20,"minecraft:cauldron":1,"minecraft:stone_sword":2,"minecraft:arrow":4,"minecraft:rotten_flesh":16,"minecraft:hay_block":14,"minecraft:carved_pumpkin":2,"minecraft:mutton":32,"minecraft:white_wool":13,"minecraft:cobblestone":101,"minecraft:feather":5,"minecraft:andesite":8,"minecraft:salmon":2,"minecraft:brown_wool":2,"minecraft:leather":8,"biomesoplenty:fir_sapling":11,"biomesoplenty:fir_log":30,"minecraft:oak_log":15,"minecraft:dirt":329,"minecraft:bone":5,"minecraft:wheat_seeds":33,"minecraft:grindstone":1,"minecraft:stone_pickaxe":2,"minecraft:oak_planks":3,"minecraft:book":12,"biomesoplenty:toadstool":2,"quark:red_corundum_cluster":5,"minecraft:pumpkin":9,"minecraft:dandelion":1,"minecraft:ink_sac":3,"minecraft:white_bed":6,"quark:oak_chest":2,"quark:blue_corundum_cluster":16,"quark:red_corundum":2,"minecraft:spider_eye":1,"minecraft:diamond":1,"minecraft:bread":3,"minecraft:oak_sapling":14,"quark:blue_corundum":11,"minecraft:coal":31},"minecraft:crafted":{"minecraft:black_dye":3,"minecraft:oak_planks":60,"minecraft:stone_shovel":3,"minecraft:cooked_chicken":2,"minecraft:furnace":3,"minecraft:bone_meal":6,"jet_and_elias_armors:ronin_robe_red_black_sleeves_chestplate":1,"minecraft:cooked_mutton":5,"minecraft:stone_pickaxe":3,"jet_and_elias_armors:japanese_footsoldier_chestplate":1,"minecraft:stone_hoe":1,"minecraft:wheat":126,"minecraft:red_dye":7,"minecraft:crafting_table":3,"minecraft:wooden_pickaxe":2,"minecraft:red_wool":7,"minecraft:copper_ingot":16,"jet_and_elias_armors:ronin_robe_red_chestplate":1,"minecraft:stone_axe":3,"minecraft:bread":42,"minecraft:air":0,"biomesoplenty:fir_planks":84,"minecraft:stick":28,"minecraft:iron_pickaxe":1,"minecraft:iron_ingot":5,"minecraft:stone_sword":1,"minecraft:torch":8},"minecraft:broken":{"minecraft:stone_axe":1,"minecraft:stone_shovel":1}},"DataVersion":3465}