{"stats":{"minecraft:killed_by":{"minecraft:skeleton":3,"minecraft:zombie":2},"minecraft:dropped":{"minecraft:wheat_seeds":10,"minecraft:feather":3,"minecraft:cobblestone":4,"jet_and_elias_armors:japanese_footsoldier_chestplate":1,"minecraft:diorite":1,"minecraft:cornflower":8,"minecraft:rotten_flesh":2,"minecraft:oak_sapling":7,"minecraft:stone_pickaxe":1},"minecraft:mined":{"quark:red_corundum":2,"minecraft:white_bed":6,"minecraft:farmland":1,"minecraft:carved_pumpkin":2,"minecraft:granite":2,"minecraft:grass_block":333,"minecraft:oxeye_daisy":1,"minecraft:hay_block":14,"minecraft:furnace":1,"biomesoplenty:toadstool":1,"minecraft:iron_ore":9,"minecraft:andesite":8,"minecraft:pumpkin":9,"minecraft:azure_bluet":1,"minecraft:bookshelf":4,"minecraft:dirt_path":2,"minecraft:water_cauldron":1,"minecraft:oak_stairs":4,"minecraft:stripped_oak_log":16,"minecraft:stone":226,"quark:red_corundum_cluster":1,"quark:blue_corundum":11,"quark:oak_chest":2,"minecraft:dandelion":13,"minecraft:cornflower":4,"minecraft:crafting_table":1,"biomesoplenty:fir_planks":2,"minecraft:poppy":7,"minecraft:cobblestone":4,"quark:blue_corundum_cluster":3,"minecraft:tall_grass":7,"minecraft:copper_ore":10,"biomesoplenty:sprout":1,"minecraft:grindstone":1,"minecraft:sugar_cane":3,"minecraft:oak_planks":66,"minecraft:diorite":20,"minecraft:wall_torch":1,"minecraft:wheat":2,"minecraft:stone_brick_stairs":1,"biomesoplenty:fir_log":29,"minecraft:grass":194,"minecraft:coal_ore":54,"minecraft:oak_log":50,"biomesoplenty:fir_leaves":1,"minecraft:dirt":374,"minecraft:oak_leaves":20,"minecraft:fern":36},"minecraft:used":{"minecraft:stone_sword":28,"minecraft:iron_shovel":250,"minecraft:stone_shovel":581,"minecraft:stone_hoe":21,"minecraft:cooked_chicken":2,"minecraft:rotten_flesh":9,"minecraft:torch":10,"minecraft:dirt":366,"biomesoplenty:fir_sapling":1,"minecraft:oak_stairs":136,"minecraft:stone_brick_stairs":29,"minecraft:oak_sapling":16,"minecraft:furnace":7,"minecraft:wheat_seeds":18,"minecraft:cooked_mutton":12,"minecraft:diorite":15,"minecraft:stone_pickaxe":99,"minecraft:oak_planks":66,"minecraft:wooden_pickaxe":21,"biomesoplenty:fir_planks":34,"minecraft:sugar_cane":6,"minecraft:salmon":2,"minecraft:crafting_table":4,"minecraft:white_bed":5,"jet_and_elias_armors:ronin_robe_red_chestplate":1,"minecraft:cornflower":1,"minecraft:bread":11,"minecraft:iron_pickaxe":261,"jet_and_elias_armors:japanese_footsoldier_chestplate":1,"minecraft:stone_axe":342,"minecraft:cobblestone":11,"minecraft:andesite":8,"quark:oak_chest":2,"minecraft:dandelion":1,"minecraft:bone_meal":6},"minecraft:killed":{"minecraft:spider":3,"minecraft:horse":4,"minecraft:chicken":4,"minecraft:drowned":1,"minecraft:pig":1,"minecraft:salmon":2,"minecraft:creeper":1,"minecraft:sheep":17,"minecraft:zombie":20,"minecraft:cow":3},"minecraft:custom":{"minecraft:mob_kills":56,"minecraft:interact_with_crafting_table":59,"minecraft:leave_game":6,"minecraft:time_since_death":131026,"minecraft:sprint_one_cm":384459,"minecraft:walk_one_cm":446439,"minecraft:drop":10,"minecraft:play_time":193106,"minecraft:sneak_time":2901,"minecraft:deaths":5,"minecraft:walk_under_water_one_cm":15413,"minecraft:jump":2360,"minecraft:walk_on_water_one_cm":20646,"minecraft:total_world_time":193106,"minecraft:interact_with_furnace":59,"minecraft:sleep_in_bed":8,"minecraft:time_since_rest":3295,"minecraft:damage_taken":2377,"minecraft:damage_dealt":8299,"minecraft:swim_one_cm":15087,"minecraft:fly_one_cm":526531,"minecraft:player_kills":1,"minecraft:open_chest":23,"minecraft:crouch_one_cm":3251,"minecraft:fall_one_cm":53468},"minecraft:picked_up":{"minecraft:crafting_table":1,"minecraft:wheat":4,"minecraft:azure_bluet":1,"minecraft:chicken":6,"minecraft:wooden_pickaxe":2,"minecraft:oak_stairs":4,"minecraft:stone_brick_stairs":1,"minecraft:cornflower":12,"minecraft:string":4,"minecraft:raw_copper":32,"biomesoplenty:fir_planks":40,"minecraft:beef":9,"minecraft:poppy":7,"minecraft:iron_pickaxe":2,"minecraft:light_gray_wool":3,"minecraft:sugar_cane":6,"minecraft:furnace":1,"minecraft:egg":1,"minecraft:stick":16,"minecraft:raw_iron":9,"minecraft:torch":1,"minecraft:porkchop":2,"minecraft:diorite":20,"minecraft:cauldron":1,"minecraft:stone_sword":2,"minecraft:arrow":4,"minecraft:rotten_flesh":17,"minecraft:hay_block":14,"minecraft:carved_pumpkin":2,"minecraft:mutton":32,"minecraft:white_wool":13,"minecraft:cobblestone":240,"minecraft:oxeye_daisy":1,"minecraft:stripped_oak_log":16,"minecraft:feather":5,"minecraft:andesite":8,"minecraft:salmon":2,"minecraft:brown_wool":2,"minecraft:leather":8,"biomesoplenty:fir_sapling":11,"biomesoplenty:fir_log":30,"minecraft:oak_log":50,"minecraft:dirt":750,"minecraft:bone":5,"minecraft:apple":1,"minecraft:wheat_seeds":49,"minecraft:grindstone":1,"minecraft:stone_pickaxe":2,"minecraft:oak_planks":66,"minecraft:book":12,"biomesoplenty:toadstool":2,"quark:red_corundum_cluster":5,"minecraft:pumpkin":9,"minecraft:dandelion":13,"minecraft:ink_sac":3,"minecraft:white_bed":6,"quark:oak_chest":2,"quark:blue_corundum_cluster":16,"quark:red_corundum":2,"minecraft:spider_eye":1,"minecraft:diamond":1,"minecraft:granite":2,"minecraft:bread":3,"minecraft:oak_sapling":23,"quark:blue_corundum":11,"minecraft:coal":57},"minecraft:crafted":{"minecraft:black_dye":3,"minecraft:oak_planks":264,"minecraft:stone_shovel":5,"minecraft:cooked_chicken":2,"minecraft:furnace":6,"minecraft:stone":107,"minecraft:bone_meal":6,"jet_and_elias_armors:ronin_robe_red_black_sleeves_chestplate":1,"minecraft:cooked_mutton":19,"minecraft:stone_stairs":28,"minecraft:stone_pickaxe":3,"jet_and_elias_armors:japanese_footsoldier_helmet":1,"jet_and_elias_armors:japanese_footsoldier_chestplate":1,"minecraft:stone_hoe":1,"minecraft:stone_bricks":44,"minecraft:wheat":126,"minecraft:red_dye":7,"minecraft:crafting_table":3,"minecraft:wooden_pickaxe":2,"minecraft:red_wool":7,"minecraft:copper_ingot":16,"jet_and_elias_armors:ronin_robe_red_chestplate":1,"minecraft:stone_axe":4,"minecraft:bread":42,"minecraft:air":0,"biomesoplenty:fir_planks":84,"minecraft:stone_brick_stairs":28,"minecraft:stick":32,"minecraft:iron_pickaxe":1,"minecraft:iron_ingot":9,"minecraft:oak_stairs":140,"minecraft:stone_sword":1,"minecraft:iron_shovel":1,"minecraft:torch":12},"minecraft:broken":{"minecraft:iron_shovel":1,"minecraft:stone_axe":2,"minecraft:iron_pickaxe":1,"minecraft:stone_shovel":4}},"DataVersion":3465}