{"stats":{"minecraft:killed_by":{"minecraft:drowned":1,"minecraft:skeleton":3,"minecraft:zombie":2},"minecraft:dropped":{"minecraft:bread":17,"minecraft:wheat_seeds":16,"minecraft:feather":3,"minecraft:cobblestone":4,"minecraft:granite":2,"jet_and_elias_armors:japanese_footsoldier_chestplate":1,"minecraft:coal":3,"minecraft:oxeye_daisy":1,"minecraft:dirt":64,"minecraft:diorite":1,"minecraft:cornflower":11,"minecraft:cherry_planks":2,"minecraft:oak_stairs":8,"minecraft:rotten_flesh":6,"minecraft:azure_bluet":1,"minecraft:oak_sapling":7,"minecraft:stone_pickaxe":1},"minecraft:mined":{"quark:red_corundum":2,"minecraft:white_bed":8,"minecraft:farmland":1,"minecraft:carved_pumpkin":2,"minecraft:granite":2,"minecraft:stone_brick_wall":1,"minecraft:grass_block":499,"minecraft:oxeye_daisy":1,"minecraft:hay_block":14,"minecraft:tall_seagrass":1,"minecraft:furnace":1,"biomesoplenty:toadstool":1,"minecraft:iron_ore":9,"minecraft:andesite":8,"minecraft:pumpkin":9,"minecraft:azure_bluet":1,"minecraft:bookshelf":4,"minecraft:water_cauldron":1,"minecraft:dirt_path":2,"minecraft:oak_stairs":6,"minecraft:stripped_oak_log":16,"minecraft:stone":288,"quark:red_corundum_cluster":1,"quark:blue_corundum":11,"quark:oak_chest":3,"minecraft:dandelion":13,"minecraft:crafting_table":1,"minecraft:cornflower":4,"biomesoplenty:fir_planks":2,"minecraft:poppy":7,"minecraft:cobblestone":4,"quark:blue_corundum_cluster":3,"minecraft:tall_grass":7,"minecraft:copper_ore":10,"biomesoplenty:sprout":1,"minecraft:grindstone":1,"minecraft:sugar_cane":11,"minecraft:oak_planks":69,"minecraft:diorite":20,"minecraft:wall_torch":1,"minecraft:wheat":2,"biomesoplenty:fir_log":29,"minecraft:stone_brick_stairs":3,"minecraft:grass":211,"minecraft:oak_log":68,"minecraft:coal_ore":54,"biomesoplenty:fir_leaves":1,"minecraft:sand":59,"minecraft:dirt":1017,"minecraft:oak_leaves":20,"minecraft:fern":36},"minecraft:used":{"minecraft:stone_sword":28,"minecraft:iron_shovel":250,"minecraft:stone_shovel":1438,"minecraft:stone":8,"minecraft:cooked_chicken":2,"minecraft:stone_hoe":21,"minecraft:rotten_flesh":9,"minecraft:torch":10,"minecraft:dirt":488,"biomesoplenty:fir_sapling":1,"minecraft:lantern":2,"minecraft:oak_stairs":154,"minecraft:stone_brick_stairs":63,"minecraft:bow":2,"minecraft:furnace":7,"minecraft:oak_sapling":16,"minecraft:wheat_seeds":18,"minecraft:cooked_mutton":19,"minecraft:diorite":15,"minecraft:stone_pickaxe":99,"minecraft:oak_planks":75,"minecraft:wooden_pickaxe":21,"jet_and_elias_armors:japanese_footsoldier_helmet":1,"biomesoplenty:fir_planks":34,"minecraft:sugar_cane":20,"minecraft:salmon":2,"minecraft:crafting_table":4,"minecraft:white_bed":7,"minecraft:stone_brick_wall":17,"jet_and_elias_armors:ronin_robe_red_chestplate":1,"minecraft:cornflower":1,"minecraft:bread":12,"minecraft:iron_pickaxe":326,"jet_and_elias_armors:japanese_footsoldier_chestplate":1,"minecraft:stone_axe":400,"minecraft:cobblestone":11,"minecraft:andesite":8,"quark:oak_chest":7,"minecraft:dandelion":1,"minecraft:bone_meal":6},"minecraft:killed":{"minecraft:spider":3,"minecraft:skeleton":2,"minecraft:horse":4,"minecraft:chicken":4,"minecraft:drowned":1,"minecraft:pig":1,"minecraft:salmon":2,"minecraft:creeper":1,"minecraft:sheep":17,"minecraft:pillager":3,"minecraft:zombie":27,"minecraft:cow":4},"minecraft:custom":{"minecraft:mob_kills":69,"minecraft:interact_with_crafting_table":72,"minecraft:leave_game":8,"minecraft:time_since_death":358,"minecraft:sprint_one_cm":466361,"minecraft:walk_one_cm":632138,"minecraft:drop":22,"minecraft:sneak_time":3362,"minecraft:play_time":250913,"minecraft:deaths":6,"minecraft:walk_under_water_one_cm":20470,"minecraft:jump":2935,"minecraft:walk_on_water_one_cm":28371,"minecraft:total_world_time":250913,"minecraft:interact_with_furnace":84,"minecraft:sleep_in_bed":12,"minecraft:time_since_rest":388,"minecraft:damage_taken":3083,"minecraft:damage_dealt":10577,"minecraft:fly_one_cm":651205,"minecraft:swim_one_cm":21561,"minecraft:player_kills":1,"minecraft:open_chest":32,"minecraft:crouch_one_cm":4036,"minecraft:fall_one_cm":64088},"minecraft:picked_up":{"jet_and_elias_armors:ronin_robe_red_black_sleeves_chestplate":1,"minecraft:crafting_table":1,"minecraft:wheat":4,"minecraft:azure_bluet":1,"minecraft:chicken":6,"minecraft:wooden_pickaxe":2,"minecraft:oak_stairs":10,"minecraft:stone_brick_wall":3,"minecraft:stone_brick_stairs":3,"minecraft:cornflower":12,"minecraft:string":4,"minecraft:raw_copper":32,"biomesoplenty:fir_planks":40,"minecraft:beef":24,"minecraft:iron_nugget":3,"minecraft:poppy":7,"minecraft:iron_pickaxe":3,"minecraft:light_gray_wool":3,"minecraft:sugar_cane":20,"minecraft:furnace":1,"minecraft:egg":1,"minecraft:stick":17,"minecraft:raw_iron":9,"minecraft:stone":8,"jet_and_elias_armors:japanese_footsoldier_helmet":1,"minecraft:copper_ingot":15,"minecraft:torch":10,"minecraft:porkchop":2,"minecraft:diorite":20,"minecraft:cauldron":1,"minecraft:black_dye":1,"minecraft:stone_shovel":3,"minecraft:stone_sword":2,"minecraft:arrow":10,"minecraft:rotten_flesh":29,"minecraft:hay_block":14,"minecraft:carved_pumpkin":4,"minecraft:mutton":32,"minecraft:white_wool":13,"minecraft:cobblestone":302,"minecraft:oxeye_daisy":1,"minecraft:stripped_oak_log":16,"minecraft:feather":5,"minecraft:cherry_planks":2,"minecraft:andesite":8,"minecraft:salmon":2,"minecraft:brown_wool":2,"minecraft:leather":15,"biomesoplenty:fir_sapling":11,"biomesoplenty:fir_log":30,"minecraft:oak_log":66,"minecraft:dirt":1496,"minecraft:lantern":1,"minecraft:bone":9,"minecraft:apple":6,"minecraft:bow":2,"minecraft:wheat_seeds":52,"minecraft:grindstone":1,"minecraft:stone_pickaxe":2,"minecraft:stone_hoe":1,"minecraft:oak_planks":66,"minecraft:book":12,"biomesoplenty:toadstool":2,"quark:red_corundum_cluster":5,"minecraft:pumpkin":18,"minecraft:dandelion":49,"minecraft:sand":59,"minecraft:ink_sac":3,"minecraft:white_bed":9,"quark:oak_chest":3,"quark:blue_corundum_cluster":16,"quark:red_corundum":2,"minecraft:spider_eye":1,"minecraft:leather_helmet":1,"minecraft:diamond":1,"minecraft:stone_axe":2,"minecraft:granite":2,"minecraft:bread":19,"minecraft:oak_sapling":27,"quark:blue_corundum":11,"minecraft:coal":60},"minecraft:crafted":{"minecraft:black_dye":3,"minecraft:oak_planks":296,"minecraft:stone_shovel":13,"minecraft:stone_brick_wall":18,"minecraft:iron_nugget":27,"minecraft:cooked_chicken":2,"minecraft:furnace":6,"minecraft:stone":170,"minecraft:bone_meal":6,"jet_and_elias_armors:ronin_robe_red_black_sleeves_chestplate":1,"minecraft:cooked_mutton":19,"minecraft:stone_stairs":28,"minecraft:lantern":3,"minecraft:stone_pickaxe":3,"jet_and_elias_armors:japanese_footsoldier_helmet":1,"jet_and_elias_armors:japanese_footsoldier_chestplate":1,"minecraft:stone_hoe":1,"minecraft:stone_bricks":112,"minecraft:wheat":126,"minecraft:red_dye":7,"minecraft:crafting_table":3,"minecraft:wooden_pickaxe":2,"minecraft:red_wool":7,"minecraft:copper_ingot":16,"jet_and_elias_armors:ronin_robe_red_chestplate":1,"minecraft:stone_axe":4,"minecraft:bread":42,"minecraft:air":0,"biomesoplenty:fir_planks":84,"minecraft:stone_brick_stairs":60,"minecraft:iron_pickaxe":1,"minecraft:stick":52,"minecraft:iron_ingot":9,"quark:oak_chest":4,"minecraft:oak_stairs":160,"minecraft:stone_sword":1,"minecraft:iron_shovel":1,"minecraft:torch":24},"minecraft:broken":{"minecraft:iron_shovel":1,"minecraft:stone_axe":3,"minecraft:iron_pickaxe":1,"minecraft:stone_shovel":10}},"DataVersion":3465}