{"stats":{"minecraft:killed":{"minecraft:salmon":2,"minecraft:spider":2,"minecraft:sheep":7,"minecraft:zombie":8,"minecraft:chicken":4},"minecraft:killed_by":{"minecraft:skeleton":3,"minecraft:zombie":2},"minecraft:dropped":{"minecraft:cobblestone":4,"minecraft:rotten_flesh":2,"minecraft:cornflower":8,"minecraft:stone_pickaxe":1},"minecraft:custom":{"minecraft:interact_with_furnace":8,"minecraft:mob_kills":23,"minecraft:interact_with_crafting_table":27,"minecraft:leave_game":3,"minecraft:time_since_death":20102,"minecraft:time_since_rest":20147,"minecraft:sprint_one_cm":133842,"minecraft:damage_taken":1570,"minecraft:walk_one_cm":102814,"minecraft:drop":5,"minecraft:damage_dealt":3023,"minecraft:swim_one_cm":5958,"minecraft:fly_one_cm":162507,"minecraft:crouch_one_cm":1257,"minecraft:play_time":82182,"minecraft:deaths":5,"minecraft:sneak_time":1694,"minecraft:walk_under_water_one_cm":2976,"minecraft:jump":799,"minecraft:walk_on_water_one_cm":11180,"minecraft:total_world_time":82182,"minecraft:fall_one_cm":20854},"minecraft:crafted":{"minecraft:crafting_table":3,"minecraft:wooden_pickaxe":2,"minecraft:furnace":1,"minecraft:copper_ingot":5,"minecraft:stone_axe":2,"minecraft:air":0,"biomesoplenty:fir_planks":84,"minecraft:stick":20,"minecraft:iron_ingot":5,"minecraft:iron_pickaxe":1,"minecraft:stone_pickaxe":3,"minecraft:stone_sword":1,"minecraft:torch":8},"minecraft:picked_up":{"minecraft:crafting_table":1,"minecraft:feather":5,"minecraft:chicken":6,"minecraft:salmon":2,"minecraft:andesite":8,"minecraft:brown_wool":2,"minecraft:wooden_pickaxe":2,"biomesoplenty:fir_sapling":11,"biomesoplenty:fir_log":30,"minecraft:cornflower":8,"minecraft:dirt":44,"minecraft:string":3,"minecraft:raw_copper":32,"minecraft:bone":2,"minecraft:wheat_seeds":22,"biomesoplenty:fir_planks":40,"minecraft:stone_pickaxe":2,"minecraft:light_gray_wool":1,"minecraft:sugar_cane":2,"minecraft:furnace":1,"minecraft:egg":1,"biomesoplenty:toadstool":2,"minecraft:stick":9,"minecraft:raw_iron":5,"minecraft:torch":1,"minecraft:diorite":14,"minecraft:spider_eye":1,"minecraft:stone_sword":2,"minecraft:arrow":2,"minecraft:rotten_flesh":10,"minecraft:mutton":17,"minecraft:coal":31,"minecraft:white_wool":5,"minecraft:cobblestone":66},"minecraft:mined":{"minecraft:crafting_table":1,"biomesoplenty:fir_planks":2,"minecraft:grass_block":4,"minecraft:cobblestone":1,"minecraft:tall_grass":4,"minecraft:copper_ore":10,"biomesoplenty:sprout":1,"minecraft:sugar_cane":1,"minecraft:diorite":14,"minecraft:wall_torch":1,"minecraft:furnace":1,"biomesoplenty:toadstool":1,"minecraft:iron_ore":5,"minecraft:andesite":8,"biomesoplenty:fir_log":29,"minecraft:grass":62,"minecraft:coal_ore":28,"biomesoplenty:fir_leaves":1,"minecraft:dirt":23,"minecraft:stone":55,"minecraft:fern":35},"minecraft:used":{"minecraft:diorite":9,"minecraft:stone_sword":28,"minecraft:stone_pickaxe":99,"minecraft:wooden_pickaxe":21,"biomesoplenty:fir_planks":34,"minecraft:rotten_flesh":8,"minecraft:salmon":2,"minecraft:torch":6,"minecraft:dirt":12,"minecraft:crafting_table":3,"biomesoplenty:fir_sapling":1,"minecraft:iron_pickaxe":11,"minecraft:stone_axe":38,"minecraft:cobblestone":7,"minecraft:furnace":1,"minecraft:andesite":2}},"DataVersion":3465}