{"stats":{"minecraft:killed":{"minecraft:pig":1,"minecraft:salmon":2,"minecraft:spider":2,"minecraft:creeper":1,"minecraft:horse":3,"minecraft:sheep":11,"minecraft:zombie":16,"minecraft:chicken":4,"minecraft:drowned":1},"minecraft:killed_by":{"minecraft:skeleton":3,"minecraft:zombie":2},"minecraft:dropped":{"minecraft:wheat_seeds":10,"minecraft:feather":3,"minecraft:cobblestone":4,"minecraft:rotten_flesh":2,"minecraft:diorite":1,"minecraft:cornflower":8,"minecraft:oak_sapling":7,"minecraft:stone_pickaxe":1},"minecraft:custom":{"minecraft:interact_with_furnace":16,"minecraft:mob_kills":41,"minecraft:interact_with_crafting_table":35,"minecraft:leave_game":3,"minecraft:time_since_death":56102,"minecraft:sleep_in_bed":2,"minecraft:time_since_rest":16664,"minecraft:sprint_one_cm":220142,"minecraft:damage_taken":1815,"minecraft:walk_one_cm":224019,"minecraft:drop":9,"minecraft:damage_dealt":5960,"minecraft:swim_one_cm":14576,"minecraft:fly_one_cm":274452,"minecraft:open_chest":11,"minecraft:crouch_one_cm":2840,"minecraft:play_time":118182,"minecraft:deaths":5,"minecraft:sneak_time":2404,"minecraft:walk_under_water_one_cm":9790,"minecraft:jump":1331,"minecraft:walk_on_water_one_cm":15395,"minecraft:total_world_time":118182,"minecraft:fall_one_cm":30328},"minecraft:crafted":{"minecraft:oak_planks":44,"minecraft:stone_shovel":3,"minecraft:crafting_table":3,"minecraft:cooked_chicken":2,"minecraft:wooden_pickaxe":2,"minecraft:furnace":3,"minecraft:copper_ingot":16,"minecraft:stone_axe":2,"minecraft:bread":42,"minecraft:cooked_mutton":5,"minecraft:air":0,"biomesoplenty:fir_planks":84,"minecraft:stick":28,"minecraft:iron_ingot":5,"minecraft:iron_pickaxe":1,"minecraft:stone_pickaxe":3,"minecraft:stone_sword":1,"jet_and_elias_armors:japanese_footsoldier_chestplate":1,"minecraft:torch":8,"minecraft:wheat":126},"minecraft:picked_up":{"minecraft:crafting_table":1,"minecraft:feather":5,"minecraft:chicken":6,"minecraft:salmon":2,"minecraft:andesite":8,"minecraft:leather":5,"minecraft:brown_wool":2,"minecraft:wooden_pickaxe":2,"biomesoplenty:fir_sapling":11,"biomesoplenty:fir_log":30,"minecraft:oak_log":11,"minecraft:cornflower":9,"minecraft:dirt":309,"minecraft:string":3,"minecraft:raw_copper":32,"minecraft:bone":2,"minecraft:wheat_seeds":28,"biomesoplenty:fir_planks":40,"minecraft:grindstone":1,"minecraft:stone_pickaxe":2,"minecraft:iron_pickaxe":2,"minecraft:light_gray_wool":3,"minecraft:sugar_cane":2,"minecraft:oak_planks":3,"minecraft:furnace":1,"minecraft:egg":1,"minecraft:book":12,"biomesoplenty:toadstool":2,"minecraft:stick":11,"minecraft:raw_iron":5,"quark:red_corundum_cluster":5,"minecraft:torch":1,"minecraft:dandelion":1,"minecraft:porkchop":2,"minecraft:cauldron":1,"minecraft:ink_sac":3,"minecraft:diorite":20,"minecraft:white_bed":3,"quark:oak_chest":2,"quark:blue_corundum_cluster":16,"quark:red_corundum":2,"minecraft:spider_eye":1,"minecraft:stone_sword":2,"minecraft:arrow":2,"minecraft:rotten_flesh":12,"minecraft:diamond":1,"minecraft:hay_block":14,"minecraft:bread":3,"minecraft:oak_sapling":14,"quark:blue_corundum":11,"minecraft:mutton":23,"minecraft:coal":31,"minecraft:white_wool":7,"minecraft:cobblestone":101},"minecraft:used":{"minecraft:cooked_mutton":5,"minecraft:diorite":15,"minecraft:stone_sword":28,"minecraft:stone_shovel":209,"minecraft:stone_pickaxe":99,"minecraft:oak_planks":43,"minecraft:wooden_pickaxe":21,"biomesoplenty:fir_planks":34,"minecraft:sugar_cane":2,"minecraft:cooked_chicken":2,"minecraft:rotten_flesh":8,"minecraft:salmon":2,"minecraft:torch":6,"minecraft:dirt":257,"minecraft:crafting_table":4,"minecraft:white_bed":3,"minecraft:cornflower":1,"biomesoplenty:fir_sapling":1,"minecraft:bread":3,"minecraft:iron_pickaxe":80,"jet_and_elias_armors:japanese_footsoldier_chestplate":1,"minecraft:stone_axe":112,"minecraft:cobblestone":11,"minecraft:oak_sapling":7,"minecraft:furnace":4,"minecraft:andesite":8,"quark:oak_chest":2,"minecraft:dandelion":1},"minecraft:mined":{"quark:red_corundum":2,"minecraft:white_bed":3,"quark:blue_corundum":11,"quark:oak_chest":2,"minecraft:dandelion":1,"minecraft:cornflower":1,"minecraft:crafting_table":1,"biomesoplenty:fir_planks":2,"minecraft:grass_block":210,"quark:blue_corundum_cluster":3,"minecraft:cobblestone":4,"minecraft:tall_grass":5,"minecraft:copper_ore":10,"minecraft:oak_planks":3,"biomesoplenty:sprout":1,"minecraft:grindstone":1,"minecraft:sugar_cane":1,"minecraft:diorite":20,"minecraft:wall_torch":1,"minecraft:hay_block":14,"minecraft:furnace":1,"biomesoplenty:toadstool":1,"minecraft:iron_ore":5,"minecraft:andesite":8,"biomesoplenty:fir_log":29,"minecraft:water_cauldron":1,"minecraft:grass":102,"minecraft:bookshelf":4,"minecraft:oak_log":11,"minecraft:coal_ore":28,"biomesoplenty:fir_leaves":1,"minecraft:dirt":61,"minecraft:stone":87,"minecraft:oak_leaves":5,"quark:red_corundum_cluster":1,"minecraft:fern":35},"minecraft:broken":{"minecraft:stone_axe":1,"minecraft:stone_shovel":1}},"DataVersion":3465}