{"stats":{"minecraft:picked_up":{"minecraft:crafting_table":7,"jet_and_elias_armors:ronin_robe_red_black_sleeves_chestplate":3,"minecraft:wheat":16,"minecraft:azure_bluet":1,"minecraft:chicken":6,"minecraft:wooden_pickaxe":2,"minecraft:oak_stairs":10,"minecraft:stone_brick_wall":3,"minecraft:stone_brick_stairs":3,"minecraft:shield":1,"minecraft:cornflower":12,"minecraft:string":9,"minecraft:raw_copper":32,"minecraft:iron_axe":1,"minecraft:cobbled_deepslate":4,"biomesoplenty:fir_planks":40,"minecraft:beef":24,"minecraft:poppy":7,"minecraft:iron_nugget":3,"minecraft:iron_pickaxe":5,"minecraft:light_gray_wool":3,"minecraft:sugar_cane":56,"minecraft:egg":3,"minecraft:furnace":4,"minecraft:iron_boots":2,"minecraft:stick":27,"minecraft:raw_iron":85,"minecraft:stone":8,"jet_and_elias_armors:japanese_footsoldier_helmet":3,"minecraft:copper_ingot":15,"minecraft:torch":21,"minecraft:porkchop":2,"minecraft:diorite":24,"minecraft:cauldron":1,"minecraft:black_dye":1,"minecraft:stone_shovel":7,"minecraft:stone_sword":2,"minecraft:arrow":27,"minecraft:rotten_flesh":42,"minecraft:hay_block":14,"minecraft:carved_pumpkin":4,"minecraft:mutton":32,"minecraft:cobblestone":355,"minecraft:white_wool":13,"minecraft:oxeye_daisy":1,"minecraft:stripped_oak_log":16,"minecraft:feather":5,"minecraft:cherry_planks":2,"minecraft:andesite":9,"minecraft:salmon":2,"minecraft:brown_wool":2,"minecraft:leather":22,"biomesoplenty:fir_sapling":11,"biomesoplenty:fir_log":30,"minecraft:flint":1,"minecraft:oak_log":83,"minecraft:gunpowder":4,"minecraft:lapis_lazuli":55,"minecraft:dirt":1574,"minecraft:lantern":3,"minecraft:bone":30,"minecraft:apple":8,"minecraft:stone_bricks":4,"minecraft:bow":5,"minecraft:wheat_seeds":74,"minecraft:stone_pickaxe":2,"minecraft:raw_gold":4,"minecraft:grindstone":1,"minecraft:iron_ingot":5,"minecraft:glowstone_dust":21,"minecraft:oak_planks":97,"minecraft:stone_hoe":3,"minecraft:book":12,"biomesoplenty:toadstool":2,"quark:red_corundum_cluster":5,"minecraft:pumpkin":18,"minecraft:quartz":9,"minecraft:dandelion":49,"minecraft:gravel":7,"minecraft:sand":59,"minecraft:ink_sac":3,"minecraft:white_bed":9,"quark:red_corundum":2,"quark:oak_chest":3,"quark:blue_corundum_cluster":16,"minecraft:spider_eye":7,"minecraft:leather_helmet":1,"minecraft:bundle":1,"biomesoplenty:bramble":1,"minecraft:diamond":1,"minecraft:stone_axe":4,"minecraft:iron_helmet":1,"minecraft:granite":2,"minecraft:bread":56,"minecraft:oak_sapling":39,"minecraft:netherrack":1,"quark:blue_corundum":11,"minecraft:coal":149},"minecraft:killed":{"minecraft:spider":14,"minecraft:skeleton":12,"minecraft:horse":8,"minecraft:chicken":4,"minecraft:drowned":3,"minecraft:pig":1,"minecraft:salmon":2,"minecraft:creeper":3,"minecraft:sheep":17,"minecraft:pillager":3,"minecraft:zombie":43,"minecraft:cow":4},"minecraft:custom":{"minecraft:mob_kills":116,"minecraft:interact_with_crafting_table":94,"minecraft:leave_game":11,"minecraft:time_since_death":11136,"minecraft:sprint_one_cm":662355,"minecraft:damage_blocked_by_shield":4830,"minecraft:walk_one_cm":904828,"minecraft:drop":28,"minecraft:play_time":357374,"minecraft:sneak_time":4864,"minecraft:deaths":11,"minecraft:walk_under_water_one_cm":21325,"minecraft:jump":4269,"minecraft:walk_on_water_one_cm":34857,"minecraft:total_world_time":357374,"minecraft:interact_with_furnace":136,"minecraft:sleep_in_bed":20,"minecraft:time_since_rest":10900,"minecraft:damage_taken":6525,"minecraft:damage_dealt":18737,"minecraft:player_kills":1,"minecraft:fly_one_cm":905692,"minecraft:swim_one_cm":27074,"minecraft:open_chest":50,"minecraft:crouch_one_cm":7373,"tombstone:undead_killed":19,"minecraft:fall_one_cm":91006},"minecraft:broken":{"minecraft:iron_shovel":1,"minecraft:shield":1,"minecraft:stone_axe":3,"minecraft:iron_pickaxe":2,"minecraft:stone_shovel":10},"minecraft:crafted":{"minecraft:black_dye":3,"minecraft:oak_planks":332,"minecraft:stone_shovel":13,"minecraft:stone_brick_wall":18,"minecraft:iron_nugget":36,"minecraft:cooked_chicken":2,"minecraft:furnace":7,"minecraft:stone":170,"minecraft:bone_meal":6,"jet_and_elias_armors:ronin_robe_red_black_sleeves_chestplate":1,"minecraft:heavy_weighted_pressure_plate":4,"minecraft:cooked_mutton":20,"minecraft:stone_stairs":28,"minecraft:flint_and_steel":1,"jet_and_elias_armors:mercenary_gear_helmet":1,"minecraft:glass":53,"minecraft:lantern":3,"minecraft:iron_boots":1,"jet_and_elias_armors:mercenary_gear_chestplate":1,"sophisticatedbackpacks:copper_backpack":1,"minecraft:iron_axe":1,"minecraft:stone_pickaxe":4,"jet_and_elias_armors:japanese_footsoldier_helmet":1,"jet_and_elias_armors:japanese_footsoldier_chestplate":1,"minecraft:stone_hoe":1,"minecraft:stone_bricks":112,"sophisticatedbackpacks:iron_backpack":1,"minecraft:wheat":126,"minecraft:cooked_beef":12,"minecraft:red_dye":7,"sophisticatedbackpacks:backpack":1,"minecraft:cooked_porkchop":2,"minecraft:crafting_table":4,"minecraft:iron_helmet":1,"minecraft:wooden_pickaxe":2,"minecraft:red_wool":7,"minecraft:copper_ingot":29,"minecraft:bucket":1,"jet_and_elias_armors:ronin_robe_red_chestplate":1,"minecraft:stone_axe":4,"minecraft:bread":45,"minecraft:air":0,"biomesoplenty:fir_planks":84,"minecraft:stone_brick_stairs":60,"minecraft:charcoal":4,"minecraft:shield":2,"minecraft:stick":68,"quark:oak_chest":5,"minecraft:iron_ingot":60,"minecraft:iron_pickaxe":1,"minecraft:oak_stairs":160,"minecraft:stone_sword":1,"minecraft:iron_shovel":1,"jet_and_elias_armors:mercenary_gear_boots":1,"jet_and_elias_armors:mercenary_gear_leggings":1,"minecraft:torch":40},"minecraft:dropped":{"minecraft:bread":17,"minecraft:iron_ingot":1,"minecraft:wheat_seeds":16,"minecraft:feather":3,"minecraft:iron_helmet":1,"minecraft:cobblestone":4,"minecraft:granite":2,"jet_and_elias_armors:japanese_footsoldier_chestplate":1,"minecraft:coal":3,"minecraft:oxeye_daisy":1,"minecraft:dirt":64,"minecraft:diorite":1,"minecraft:cornflower":11,"minecraft:cherry_planks":2,"minecraft:oak_stairs":8,"minecraft:rotten_flesh":6,"minecraft:iron_boots":1,"minecraft:azure_bluet":1,"minecraft:oak_sapling":7,"minecraft:spider_eye":4,"minecraft:stone_pickaxe":1},"minecraft:killed_by":{"minecraft:creeper":2,"minecraft:drowned":1,"minecraft:skeleton":6,"minecraft:zombie":2},"minecraft:used":{"minecraft:stone_sword":28,"minecraft:iron_shovel":250,"minecraft:flint_and_steel":1,"minecraft:stone_shovel":1443,"minecraft:shield":58,"minecraft:stone":8,"minecraft:cooked_chicken":2,"minecraft:rotten_flesh":9,"minecraft:stone_hoe":21,"minecraft:torch":28,"jet_and_elias_armors:ronin_robe_red_black_sleeves_chestplate":1,"minecraft:dirt":509,"minecraft:glass":53,"minecraft:lava_bucket":31,"minecraft:lantern":2,"biomesoplenty:fir_sapling":1,"minecraft:iron_axe":137,"minecraft:oak_stairs":154,"minecraft:iron_boots":1,"minecraft:stone_brick_stairs":63,"minecraft:bow":19,"minecraft:oak_sapling":18,"minecraft:furnace":10,"tombstone:gift":3,"minecraft:cooked_beef":12,"minecraft:cobbled_deepslate":4,"minecraft:wheat_seeds":21,"minecraft:cooked_mutton":20,"minecraft:water_bucket":16,"minecraft:diorite":18,"minecraft:stone_pickaxe":137,"minecraft:oak_planks":83,"minecraft:wooden_pickaxe":21,"jet_and_elias_armors:japanese_footsoldier_helmet":1,"biomesoplenty:fir_planks":34,"minecraft:sugar_cane":20,"minecraft:salmon":2,"minecraft:crafting_table":10,"minecraft:white_bed":7,"minecraft:stone_brick_wall":17,"jet_and_elias_armors:ronin_robe_red_chestplate":1,"minecraft:cornflower":1,"minecraft:bread":28,"minecraft:iron_pickaxe":489,"jet_and_elias_armors:japanese_footsoldier_chestplate":1,"minecraft:gravel":5,"minecraft:stone_axe":417,"minecraft:cobblestone":49,"minecraft:bucket":48,"minecraft:andesite":9,"quark:oak_chest":7,"minecraft:bone_meal":6,"minecraft:dandelion":1},"minecraft:mined":{"quark:red_corundum":2,"minecraft:white_bed":8,"minecraft:oak_sapling":2,"minecraft:farmland":1,"minecraft:carved_pumpkin":2,"minecraft:granite":2,"biomesoplenty:bramble":3,"minecraft:stone_brick_wall":1,"minecraft:grass_block":507,"biomesoplenty:dead_grass":1,"minecraft:oxeye_daisy":1,"minecraft:hay_block":14,"biomesoplenty:bramble_leaves":1,"minecraft:tall_seagrass":1,"minecraft:glowstone":7,"minecraft:furnace":3,"biomesoplenty:toadstool":1,"minecraft:iron_ore":64,"minecraft:andesite":9,"minecraft:pumpkin":9,"minecraft:deepslate_lapis_ore":8,"minecraft:azure_bluet":1,"minecraft:bookshelf":4,"minecraft:dirt_path":2,"minecraft:deepslate_iron_ore":3,"minecraft:water_cauldron":1,"minecraft:oak_stairs":6,"minecraft:stripped_oak_log":16,"minecraft:stone":321,"quark:red_corundum_cluster":1,"quark:blue_corundum":11,"quark:oak_chest":3,"minecraft:dandelion":13,"minecraft:crafting_table":6,"minecraft:cornflower":4,"biomesoplenty:fir_planks":2,"minecraft:poppy":7,"minecraft:tall_grass":7,"quark:blue_corundum_cluster":3,"minecraft:copper_ore":10,"minecraft:nether_quartz_ore":9,"minecraft:cobblestone":17,"minecraft:deepslate_gold_ore":4,"biomesoplenty:sprout":2,"minecraft:lapis_ore":1,"minecraft:grindstone":1,"minecraft:oak_planks":77,"minecraft:sugar_cane":29,"minecraft:diorite":23,"minecraft:wall_torch":1,"minecraft:wheat":5,"biomesoplenty:fir_log":29,"minecraft:stone_brick_stairs":3,"minecraft:grass":218,"minecraft:coal_ore":102,"minecraft:oak_log":77,"biomesoplenty:fir_leaves":1,"minecraft:gravel":8,"minecraft:sand":59,"minecraft:dirt":1034,"minecraft:netherrack":1,"minecraft:oak_leaves":21,"minecraft:deepslate":4,"minecraft:fern":36}},"DataVersion":3465}