{"stats":{"minecraft:killed":{"minecraft:sheep":4,"minecraft:zombie":5,"minecraft:chicken":2,"minecraft:spider":2},"minecraft:killed_by":{"minecraft:skeleton":3,"minecraft:zombie":2},"minecraft:dropped":{"minecraft:cornflower":8,"minecraft:cobblestone":4},"minecraft:custom":{"minecraft:time_since_rest":8147,"minecraft:interact_with_furnace":3,"minecraft:sprint_one_cm":111007,"minecraft:damage_taken":1570,"minecraft:walk_one_cm":87052,"minecraft:mob_kills":13,"minecraft:drop":2,"minecraft:damage_dealt":2043,"minecraft:interact_with_crafting_table":25,"minecraft:fly_one_cm":130478,"minecraft:crouch_one_cm":898,"minecraft:play_time":70182,"minecraft:deaths":5,"minecraft:sneak_time":1523,"minecraft:jump":635,"minecraft:time_since_death":8102,"minecraft:leave_game":3,"minecraft:walk_on_water_one_cm":8344,"minecraft:total_world_time":70182,"minecraft:fall_one_cm":18079},"minecraft:crafted":{"biomesoplenty:fir_planks":84,"minecraft:crafting_table":3,"minecraft:furnace":1,"minecraft:stick":20,"minecraft:wooden_pickaxe":2,"minecraft:stone_pickaxe":3,"minecraft:stone_sword":1,"minecraft:torch":8,"minecraft:stone_axe":1},"minecraft:picked_up":{"biomesoplenty:toadstool":2,"minecraft:stick":9,"minecraft:raw_iron":5,"minecraft:feather":2,"minecraft:chicken":4,"minecraft:andesite":6,"minecraft:brown_wool":2,"minecraft:torch":1,"minecraft:wooden_pickaxe":2,"biomesoplenty:fir_sapling":11,"biomesoplenty:fir_log":30,"minecraft:diorite":10,"minecraft:raw_copper":32,"minecraft:cornflower":8,"minecraft:string":3,"minecraft:spider_eye":1,"minecraft:dirt":42,"minecraft:bone":2,"minecraft:stone_sword":2,"minecraft:arrow":2,"minecraft:rotten_flesh":7,"minecraft:wheat_seeds":22,"biomesoplenty:fir_planks":40,"minecraft:stone_pickaxe":1,"minecraft:mutton":12,"minecraft:coal":31,"minecraft:white_wool":3,"minecraft:cobblestone":63,"minecraft:egg":1},"minecraft:mined":{"minecraft:iron_ore":5,"biomesoplenty:toadstool":1,"minecraft:andesite":6,"biomesoplenty:fir_log":29,"minecraft:grass":46,"minecraft:coal_ore":28,"minecraft:grass_block":2,"biomesoplenty:fir_planks":2,"biomesoplenty:fir_leaves":1,"minecraft:dirt":23,"minecraft:copper_ore":10,"minecraft:tall_grass":2,"biomesoplenty:sprout":1,"minecraft:stone":52,"minecraft:diorite":10,"minecraft:wall_torch":1,"minecraft:fern":35},"minecraft:used":{"minecraft:stone_sword":28,"biomesoplenty:fir_sapling":1,"minecraft:stone_pickaxe":99,"minecraft:wooden_pickaxe":21,"biomesoplenty:fir_planks":34,"minecraft:rotten_flesh":7,"minecraft:stone_axe":16,"minecraft:torch":6,"minecraft:dirt":12,"minecraft:cobblestone":5,"minecraft:crafting_table":3,"minecraft:furnace":1,"minecraft:andesite":2}},"DataVersion":3465}