{"stats":{"minecraft:picked_up":{"jet_and_elias_armors:ronin_robe_red_black_sleeves_chestplate":3,"minecraft:crafting_table":7,"minecraft:wheat":5,"minecraft:azure_bluet":1,"minecraft:chicken":6,"minecraft:wooden_pickaxe":2,"minecraft:oak_stairs":10,"minecraft:stone_brick_wall":3,"minecraft:stone_brick_stairs":3,"minecraft:shield":1,"minecraft:cornflower":12,"minecraft:string":8,"minecraft:raw_copper":32,"minecraft:iron_axe":1,"minecraft:cobbled_deepslate":4,"biomesoplenty:fir_planks":40,"minecraft:beef":24,"minecraft:poppy":7,"minecraft:iron_nugget":3,"minecraft:iron_pickaxe":5,"minecraft:light_gray_wool":3,"minecraft:sugar_cane":20,"minecraft:iron_boots":2,"minecraft:furnace":4,"minecraft:egg":3,"minecraft:raw_iron":79,"minecraft:stick":27,"minecraft:stone":8,"jet_and_elias_armors:japanese_footsoldier_helmet":3,"minecraft:copper_ingot":15,"minecraft:torch":21,"minecraft:porkchop":2,"minecraft:diorite":24,"minecraft:cauldron":1,"minecraft:black_dye":1,"minecraft:stone_shovel":7,"minecraft:arrow":27,"minecraft:rotten_flesh":42,"minecraft:stone_sword":2,"minecraft:hay_block":14,"minecraft:carved_pumpkin":4,"minecraft:mutton":32,"minecraft:white_wool":13,"minecraft:cobblestone":354,"minecraft:oxeye_daisy":1,"minecraft:stripped_oak_log":16,"minecraft:feather":5,"minecraft:cherry_planks":2,"minecraft:salmon":2,"minecraft:andesite":9,"minecraft:leather":22,"minecraft:brown_wool":2,"biomesoplenty:fir_sapling":11,"biomesoplenty:fir_log":30,"minecraft:oak_log":79,"minecraft:gunpowder":4,"minecraft:lapis_lazuli":55,"minecraft:dirt":1562,"minecraft:lantern":3,"minecraft:bone":30,"minecraft:apple":8,"minecraft:stone_bricks":4,"minecraft:bow":5,"minecraft:wheat_seeds":52,"minecraft:grindstone":1,"minecraft:raw_gold":4,"minecraft:iron_ingot":5,"minecraft:stone_pickaxe":2,"minecraft:oak_planks":96,"minecraft:stone_hoe":3,"minecraft:book":12,"biomesoplenty:toadstool":2,"quark:red_corundum_cluster":5,"minecraft:pumpkin":18,"minecraft:dandelion":49,"minecraft:sand":59,"minecraft:ink_sac":3,"minecraft:white_bed":9,"quark:oak_chest":3,"quark:red_corundum":2,"quark:blue_corundum_cluster":16,"minecraft:spider_eye":6,"minecraft:leather_helmet":1,"minecraft:bundle":1,"minecraft:diamond":1,"minecraft:stone_axe":4,"minecraft:iron_helmet":1,"minecraft:granite":2,"minecraft:bread":56,"minecraft:oak_sapling":37,"quark:blue_corundum":11,"minecraft:coal":149},"minecraft:killed":{"minecraft:spider":12,"minecraft:horse":8,"minecraft:skeleton":12,"minecraft:chicken":4,"minecraft:drowned":3,"minecraft:pig":1,"minecraft:salmon":2,"minecraft:creeper":3,"minecraft:sheep":17,"minecraft:pillager":3,"minecraft:zombie":41,"minecraft:cow":4},"minecraft:custom":{"minecraft:mob_kills":112,"minecraft:interact_with_crafting_table":89,"minecraft:leave_game":10,"minecraft:time_since_death":60331,"minecraft:sprint_one_cm":615587,"minecraft:walk_one_cm":858992,"minecraft:damage_blocked_by_shield":4275,"minecraft:drop":26,"minecraft:play_time":334311,"minecraft:sneak_time":4417,"minecraft:deaths":9,"minecraft:walk_under_water_one_cm":21325,"minecraft:jump":4008,"minecraft:walk_on_water_one_cm":34537,"minecraft:total_world_time":334311,"minecraft:interact_with_furnace":124,"minecraft:sleep_in_bed":19,"minecraft:time_since_rest":37100,"minecraft:damage_taken":5841,"minecraft:damage_dealt":18367,"minecraft:player_kills":1,"minecraft:fly_one_cm":842597,"minecraft:swim_one_cm":27074,"minecraft:open_chest":45,"minecraft:crouch_one_cm":6252,"tombstone:undead_killed":17,"minecraft:fall_one_cm":84534},"minecraft:broken":{"minecraft:iron_shovel":1,"minecraft:shield":1,"minecraft:stone_axe":3,"minecraft:iron_pickaxe":2,"minecraft:stone_shovel":10},"minecraft:crafted":{"minecraft:black_dye":3,"minecraft:oak_planks":332,"minecraft:stone_shovel":13,"minecraft:stone_brick_wall":18,"minecraft:iron_nugget":36,"minecraft:cooked_chicken":2,"minecraft:furnace":7,"minecraft:stone":170,"minecraft:bone_meal":6,"jet_and_elias_armors:ronin_robe_red_black_sleeves_chestplate":1,"minecraft:heavy_weighted_pressure_plate":4,"minecraft:cooked_mutton":20,"minecraft:stone_stairs":28,"jet_and_elias_armors:mercenary_gear_helmet":1,"minecraft:glass":53,"minecraft:lantern":3,"minecraft:iron_boots":1,"jet_and_elias_armors:mercenary_gear_chestplate":1,"minecraft:iron_axe":1,"minecraft:stone_pickaxe":4,"jet_and_elias_armors:japanese_footsoldier_helmet":1,"jet_and_elias_armors:japanese_footsoldier_chestplate":1,"minecraft:stone_hoe":1,"minecraft:stone_bricks":112,"minecraft:wheat":126,"minecraft:cooked_beef":12,"minecraft:red_dye":7,"sophisticatedbackpacks:backpack":1,"minecraft:crafting_table":4,"minecraft:iron_helmet":1,"minecraft:wooden_pickaxe":2,"minecraft:red_wool":7,"minecraft:copper_ingot":16,"minecraft:bucket":1,"jet_and_elias_armors:ronin_robe_red_chestplate":1,"minecraft:stone_axe":4,"minecraft:bread":42,"minecraft:air":0,"biomesoplenty:fir_planks":84,"minecraft:stone_brick_stairs":60,"minecraft:charcoal":4,"minecraft:shield":2,"minecraft:stick":68,"quark:oak_chest":5,"minecraft:iron_ingot":38,"minecraft:iron_pickaxe":1,"minecraft:oak_stairs":160,"minecraft:stone_sword":1,"minecraft:iron_shovel":1,"jet_and_elias_armors:mercenary_gear_boots":1,"jet_and_elias_armors:mercenary_gear_leggings":1,"minecraft:torch":32},"minecraft:dropped":{"minecraft:bread":17,"minecraft:iron_ingot":1,"minecraft:wheat_seeds":16,"minecraft:feather":3,"minecraft:iron_helmet":1,"minecraft:cobblestone":4,"minecraft:granite":2,"jet_and_elias_armors:japanese_footsoldier_chestplate":1,"minecraft:coal":3,"minecraft:oxeye_daisy":1,"minecraft:dirt":64,"minecraft:diorite":1,"minecraft:cornflower":11,"minecraft:cherry_planks":2,"minecraft:oak_stairs":8,"minecraft:rotten_flesh":6,"minecraft:iron_boots":1,"minecraft:azure_bluet":1,"minecraft:oak_sapling":7,"minecraft:spider_eye":2,"minecraft:stone_pickaxe":1},"minecraft:killed_by":{"minecraft:drowned":1,"minecraft:skeleton":6,"minecraft:zombie":2},"minecraft:used":{"minecraft:stone_sword":28,"minecraft:iron_shovel":250,"minecraft:stone_shovel":1440,"minecraft:shield":56,"minecraft:stone":8,"minecraft:rotten_flesh":9,"minecraft:cooked_chicken":2,"minecraft:stone_hoe":21,"minecraft:torch":24,"jet_and_elias_armors:ronin_robe_red_black_sleeves_chestplate":1,"minecraft:dirt":503,"minecraft:lava_bucket":28,"minecraft:glass":53,"biomesoplenty:fir_sapling":1,"minecraft:lantern":2,"minecraft:iron_axe":104,"minecraft:oak_stairs":154,"minecraft:iron_boots":1,"minecraft:stone_brick_stairs":63,"minecraft:bow":18,"minecraft:furnace":10,"minecraft:oak_sapling":16,"tombstone:gift":3,"minecraft:cooked_beef":11,"minecraft:cobbled_deepslate":4,"minecraft:wheat_seeds":18,"minecraft:cooked_mutton":20,"minecraft:water_bucket":11,"minecraft:diorite":18,"minecraft:stone_pickaxe":106,"minecraft:oak_planks":83,"minecraft:wooden_pickaxe":21,"jet_and_elias_armors:japanese_footsoldier_helmet":1,"biomesoplenty:fir_planks":34,"minecraft:sugar_cane":20,"minecraft:salmon":2,"minecraft:crafting_table":10,"minecraft:white_bed":7,"minecraft:stone_brick_wall":17,"jet_and_elias_armors:ronin_robe_red_chestplate":1,"minecraft:cornflower":1,"minecraft:bread":28,"minecraft:iron_pickaxe":489,"jet_and_elias_armors:japanese_footsoldier_chestplate":1,"minecraft:stone_axe":417,"minecraft:cobblestone":40,"minecraft:bucket":40,"minecraft:andesite":9,"quark:oak_chest":7,"minecraft:bone_meal":6,"minecraft:dandelion":1},"minecraft:mined":{"quark:red_corundum":2,"minecraft:white_bed":8,"minecraft:farmland":1,"minecraft:carved_pumpkin":2,"minecraft:granite":2,"minecraft:stone_brick_wall":1,"minecraft:grass_block":507,"minecraft:oxeye_daisy":1,"minecraft:hay_block":14,"minecraft:tall_seagrass":1,"minecraft:furnace":3,"biomesoplenty:toadstool":1,"minecraft:iron_ore":58,"minecraft:andesite":9,"minecraft:pumpkin":9,"minecraft:deepslate_lapis_ore":8,"minecraft:azure_bluet":1,"minecraft:bookshelf":4,"minecraft:deepslate_iron_ore":3,"minecraft:water_cauldron":1,"minecraft:dirt_path":2,"minecraft:oak_stairs":6,"minecraft:stripped_oak_log":16,"minecraft:stone":321,"quark:red_corundum_cluster":1,"quark:blue_corundum":11,"quark:oak_chest":3,"minecraft:dandelion":13,"minecraft:crafting_table":6,"minecraft:cornflower":4,"biomesoplenty:fir_planks":2,"minecraft:poppy":7,"quark:blue_corundum_cluster":3,"minecraft:copper_ore":10,"minecraft:tall_grass":7,"minecraft:cobblestone":14,"minecraft:deepslate_gold_ore":4,"biomesoplenty:sprout":1,"minecraft:lapis_ore":1,"minecraft:grindstone":1,"minecraft:sugar_cane":11,"minecraft:oak_planks":76,"minecraft:diorite":23,"minecraft:wall_torch":1,"minecraft:wheat":2,"biomesoplenty:fir_log":29,"minecraft:stone_brick_stairs":3,"minecraft:grass":217,"minecraft:coal_ore":102,"minecraft:oak_log":73,"biomesoplenty:fir_leaves":1,"minecraft:sand":59,"minecraft:dirt":1030,"minecraft:oak_leaves":20,"minecraft:deepslate":4,"minecraft:fern":36}},"DataVersion":3465}