{"stats":{"minecraft:killed":{"minecraft:cave_spider":1,"minecraft:spider":24,"minecraft:skeleton":24,"minecraft:chicken":4,"gnumus:pitcher_mousse":1,"minecraft:pig":13,"minecraft:zombie_villager":1,"minecraft:salmon":2,"gnumus:big_snout":1,"minecraft:creeper":3,"gnumus:marsupial_mousse":1,"minecraft:sheep":18,"minecraft:pillager":17,"minecraft:zombie":61,"minecraft:cow":6,"minecraft:vindicator":2,"minecraft:horse":8,"gnumus:gnumus_hunter":3,"minecraft:drowned":6,"gnumus:gnumus_hunter_not_dispawn":1,"minecraft:squid":3},"minecraft:used":{"minecraft:cherry_sapling":1,"minecraft:iron_shovel":250,"minecraft:shield":182,"minecraft:stone":8,"biomesoplenty:bramble":2,"minecraft:rotten_flesh":30,"jet_and_elias_armors:ronin_robe_red_black_sleeves_chestplate":2,"jet_and_elias_armors:red_mercenary_heavy_helmet":2,"minecraft:glass":84,"minecraft:lava_bucket":31,"quark:deepslate_furnace":1,"minecraft:lantern":2,"biomesoplenty:fir_sapling":1,"minecraft:cherry_leaves":1,"minecraft:stone_brick_stairs":63,"minecraft:bow":28,"minecraft:oak_sapling":18,"minecraft:furnace":13,"minecraft:potato":2,"gnumus:grilled_juicy_meat":1,"jet_and_elias_armors:wokou_armor_black_helmet":1,"minecraft:diorite":18,"jet_and_elias_armors:red_mercenary_heavy_chestplate":2,"minecraft:stone_pickaxe":174,"minecraft:oak_planks":83,"minecraft:wooden_pickaxe":21,"jet_and_elias_armors:japanese_footsoldier_helmet":1,"biomesoplenty:fir_planks":34,"minecraft:sugar_cane":20,"minecraft:stone_brick_wall":17,"minecraft:shears":112,"quark:hollow_oak_log":3,"minecraft:bread":42,"minecraft:gravel":5,"jet_and_elias_armors:gladiator_armor_boots":1,"minecraft:andesite":9,"minecraft:oak_boat":2,"minecraft:bone_meal":20,"jet_and_elias_armors:ronin_set_leggings":1,"minecraft:stone_sword":28,"minecraft:flint_and_steel":1,"minecraft:stone_shovel":1496,"minecraft:stone_hoe":34,"minecraft:cooked_chicken":2,"jet_and_elias_armors:ronin_set_boots":1,"minecraft:torch":55,"minecraft:dirt":516,"minecraft:spyglass":32,"minecraft:granite":5,"minecraft:iron_axe":463,"minecraft:oak_stairs":154,"minecraft:iron_boots":1,"tombstone:gift":10,"minecraft:cooked_beef":14,"minecraft:cobbled_deepslate":9,"biomesoplenty:violet":2,"biomesoplenty:burning_blossom":1,"minecraft:wheat_seeds":21,"minecraft:cooked_mutton":21,"minecraft:water_bucket":16,"minecraft:baked_potato":6,"minecraft:cherry_planks":14,"minecraft:salmon":2,"minecraft:crafting_table":19,"minecraft:campfire":1,"minecraft:white_bed":7,"jet_and_elias_armors:ronin_robe_red_chestplate":1,"jet_and_elias_armors:red_mercenary_heavy_leggings":2,"minecraft:oak_log":2,"minecraft:apple":1,"minecraft:diamond_pickaxe":182,"minecraft:cornflower":1,"minecraft:oxeye_daisy":1,"minecraft:iron_pickaxe":507,"jet_and_elias_armors:japanese_footsoldier_chestplate":1,"minecraft:stone_axe":472,"minecraft:pink_petals":22,"minecraft:cobblestone":75,"minecraft:cooked_porkchop":10,"minecraft:bucket":48,"quark:oak_chest":7,"minecraft:dandelion":1},"minecraft:broken":{"minecraft:iron_shovel":1,"minecraft:stone_axe":4,"minecraft:stone_shovel":11,"jet_and_elias_armors:gladiator_armor_boots":1,"minecraft:shield":4,"minecraft:iron_axe":2,"minecraft:iron_pickaxe":2},"minecraft:custom":{"minecraft:interact_with_crafting_table":159,"minecraft:bell_ring":6,"minecraft:leave_game":28,"minecraft:time_since_death":22875,"minecraft:sprint_one_cm":1292888,"minecraft:damage_blocked_by_shield":11933,"minecraft:drop":67,"minecraft:play_time":623392,"minecraft:deaths":25,"minecraft:jump":7364,"minecraft:walk_on_water_one_cm":86792,"minecraft:interact_with_furnace":191,"minecraft:sleep_in_bed":27,"minecraft:damage_dealt":35066,"minecraft:player_kills":1,"minecraft:crouch_one_cm":14086,"tombstone:undead_killed":53,"minecraft:mob_kills":215,"minecraft:interact_with_campfire":16,"minecraft:damage_dealt_resisted":157,"minecraft:climb_one_cm":1040,"minecraft:walk_one_cm":1479807,"minecraft:sneak_time":8291,"minecraft:walk_under_water_one_cm":50141,"minecraft:boat_one_cm":20,"minecraft:total_world_time":623392,"spartanshields:shield_bash_hits":7,"tombstone:raider_killed":16,"minecraft:raid_trigger":1,"minecraft:time_since_rest":22643,"minecraft:damage_taken":12073,"minecraft:swim_one_cm":79911,"minecraft:fly_one_cm":1518718,"minecraft:open_chest":72,"minecraft:fall_one_cm":152504},"minecraft:killed_by":{"minecraft:ghast":1,"minecraft:creeper":3,"minecraft:ravager":3,"minecraft:drowned":2,"minecraft:vindicator":1,"minecraft:zombie":4,"minecraft:spider":1,"minecraft:hoglin":1,"minecraft:skeleton":7},"minecraft:dropped":{"sophisticatedbackpacks:iron_backpack":1,"minecraft:porkchop":8,"minecraft:cooked_beef":1,"minecraft:oak_log":26,"jet_and_elias_armors:wokou_armor_helmet":1,"minecraft:crafting_table":1,"minecraft:cooked_porkchop":4,"sophisticatedbackpacks:gold_backpack":1,"minecraft:dirt":64,"minecraft:cornflower":11,"gnumus:grilled_juicy_meat":1,"minecraft:spyglass":1,"jet_and_elias_armors:pink_mercenary_heavy_helmet":1,"minecraft:rotten_flesh":9,"minecraft:azure_bluet":1,"minecraft:leather_leggings":1,"jet_and_elias_armors:gladiator_armor_boots":1,"minecraft:iron_ingot":1,"minecraft:bread":17,"minecraft:oak_slab":1,"minecraft:wheat_seeds":16,"minecraft:feather":3,"minecraft:iron_helmet":1,"minecraft:cobblestone":4,"minecraft:granite":2,"jet_and_elias_armors:japanese_footsoldier_chestplate":1,"minecraft:coal":3,"biomesoplenty:violet":1,"minecraft:oxeye_daisy":1,"minecraft:diorite":3,"minecraft:torch":2,"minecraft:cherry_planks":2,"minecraft:oak_stairs":8,"minecraft:iron_axe":2,"jet_and_elias_armors:pink_mercenary_heavy_chestplate":2,"minecraft:stone_shovel":1,"minecraft:iron_boots":1,"minecraft:name_tag":1,"jet_and_elias_armors:red_mercenary_heavy_leggings":1,"minecraft:potato":3,"minecraft:bundle":1,"minecraft:oak_sapling":8,"minecraft:spider_eye":5,"minecraft:bow":1,"minecraft:stone_pickaxe":1},"minecraft:crafted":{"minecraft:black_dye":12,"minecraft:oak_planks":408,"jet_and_elias_armors:red_mercenary_heavy_helmet":1,"jet_and_elias_armors:red_mercenary_heavy_leggings":2,"minecraft:cooked_chicken":2,"minecraft:stone":170,"quark:deepslate_furnace":1,"minecraft:heavy_weighted_pressure_plate":12,"minecraft:cooked_mutton":20,"minecraft:glass":85,"jet_and_elias_armors:red_mercenary_heavy_chestplate":1,"jet_and_elias_armors:mercenary_gear_chestplate":2,"minecraft:iron_boots":1,"quark:hollow_oak_log":4,"sophisticatedbackpacks:copper_backpack":2,"jet_and_elias_armors:wokou_armor_black_helmet":1,"jet_and_elias_armors:japanese_footsoldier_helmet":2,"minecraft:black_wool":6,"minecraft:stone_hoe":1,"minecraft:stone_bricks":112,"jet_and_elias_armors:wokou_armor_helmet":1,"sophisticatedbackpacks:backpack":2,"minecraft:cooked_porkchop":14,"minecraft:crafting_table":8,"minecraft:iron_helmet":1,"minecraft:wooden_pickaxe":2,"minecraft:baked_potato":6,"jet_and_elias_armors:pink_mercenary_heavy_chestplate":1,"minecraft:red_wool":8,"minecraft:copper_ingot":29,"jet_and_elias_armors:ronin_robe_red_chestplate":2,"minecraft:campfire":1,"biomesoplenty:fir_planks":84,"minecraft:stone_brick_stairs":60,"minecraft:charcoal":10,"minecraft:diamond_pickaxe":1,"minecraft:shield":5,"minecraft:stick":76,"quark:oak_chest":6,"minecraft:iron_ingot":104,"minecraft:iron_pickaxe":2,"minecraft:stone_sword":1,"minecraft:gold_ingot":18,"minecraft:light_gray_dye":3,"jet_and_elias_armors:mercenary_gear_boots":2,"jet_and_elias_armors:ronin_set_boots":1,"minecraft:shears":1,"jet_and_elias_armors:ronin_set_leggings":1,"minecraft:stone_shovel":13,"minecraft:stone_brick_wall":18,"jet_and_elias_armors:pink_mercenary_heavy_helmet":1,"minecraft:iron_nugget":45,"minecraft:spyglass":2,"minecraft:furnace":9,"minecraft:bone_meal":24,"jet_and_elias_armors:ronin_robe_red_black_sleeves_chestplate":2,"minecraft:pink_dye":3,"minecraft:flint_and_steel":1,"minecraft:stone_stairs":28,"jet_and_elias_armors:mercenary_gear_helmet":2,"minecraft:lantern":3,"minecraft:iron_axe":4,"minecraft:stone_pickaxe":4,"jet_and_elias_armors:japanese_footsoldier_chestplate":1,"sophisticatedbackpacks:iron_backpack":3,"minecraft:wheat":126,"minecraft:cooked_beef":13,"minecraft:red_dye":17,"sophisticatedbackpacks:gold_backpack":3,"minecraft:bucket":1,"minecraft:stone_axe":4,"minecraft:bread":48,"minecraft:air":0,"jet_and_elias_armors:gladiator_armor_boots":2,"minecraft:blue_dye":1,"minecraft:oak_boat":1,"minecraft:white_dye":2,"minecraft:oak_stairs":160,"minecraft:iron_shovel":1,"jet_and_elias_armors:mercenary_gear_leggings":2,"minecraft:torch":68},"minecraft:mined":{"minecraft:white_bed":8,"minecraft:oak_sapling":2,"minecraft:farmland":1,"minecraft:carved_pumpkin":2,"minecraft:obsidian":4,"biomesoplenty:burning_blossom":2,"minecraft:granite":6,"biomesoplenty:bramble":18,"minecraft:stone_brick_wall":1,"minecraft:grass_block":511,"quark:green_corundum_cluster":1,"minecraft:crimson_fungus":1,"minecraft:oxeye_daisy":4,"biomesoplenty:bramble_leaves":6,"minecraft:weeping_vines_plant":1,"minecraft:tall_seagrass":1,"minecraft:glowstone":7,"minecraft:iron_ore":97,"minecraft:fire":4,"biomesoplenty:violet":2,"minecraft:pumpkin":14,"minecraft:moss_carpet":3,"minecraft:deepslate_lapis_ore":10,"minecraft:azure_bluet":2,"minecraft:dirt_path":4,"minecraft:water_cauldron":1,"minecraft:oak_stairs":6,"quark:red_corundum_cluster":1,"minecraft:deepslate_redstone_ore":6,"minecraft:poppy":19,"quark:blue_corundum_cluster":3,"minecraft:nether_quartz_ore":9,"minecraft:glass":2,"minecraft:cobblestone":25,"minecraft:grindstone":1,"minecraft:sugar_cane":29,"minecraft:oak_planks":77,"minecraft:wall_torch":1,"minecraft:pink_petals":6,"minecraft:nether_wart_block":15,"minecraft:wheat":6,"biomesoplenty:maple_leaves":53,"biomesoplenty:fir_log":29,"minecraft:stone_brick_stairs":3,"minecraft:grass":261,"minecraft:oak_log":137,"minecraft:sand":105,"minecraft:dirt":1040,"quark:hollow_oak_log":3,"minecraft:netherrack":5,"minecraft:oak_leaves":28,"minecraft:deepslate":28,"biomesoplenty:reed":11,"biomesoplenty:orange_autumn_leaves":54,"quark:red_corundum":2,"minecraft:diamond_ore":6,"minecraft:tuff":13,"minecraft:deepslate_diamond_ore":1,"biomesoplenty:dead_grass":3,"minecraft:hay_block":14,"minecraft:furnace":4,"biomesoplenty:toadstool":1,"minecraft:andesite":9,"minecraft:gold_block":1,"minecraft:bookshelf":4,"minecraft:potatoes":1,"minecraft:shroomlight":4,"minecraft:deepslate_iron_ore":45,"minecraft:lantern":1,"minecraft:stripped_oak_log":16,"biomesoplenty:barley":31,"minecraft:stone":362,"quark:blue_corundum":11,"quark:oak_chest":3,"minecraft:dandelion":13,"minecraft:crafting_table":12,"minecraft:cornflower":5,"biomesoplenty:fir_planks":2,"minecraft:tall_grass":21,"minecraft:copper_ore":10,"minecraft:lapis_ore":1,"biomesoplenty:sprout":6,"minecraft:deepslate_gold_ore":22,"minecraft:diorite":24,"minecraft:birch_planks":1,"minecraft:sweet_berry_bush":3,"minecraft:coal_ore":111,"biomesoplenty:fir_leaves":1,"minecraft:gravel":8,"quark:crimson_chest":1,"minecraft:gold_ore":8,"minecraft:fern":47},"minecraft:picked_up":{"jet_and_elias_armors:ronin_robe_red_black_sleeves_chestplate":3,"biomesoplenty:burning_blossom":2,"minecraft:wheat":31,"gnumus:gnumus_claw":3,"quark:hollow_oak_log":3,"minecraft:oak_stairs":10,"biomesoplenty:violet":3,"minecraft:stone_brick_stairs":3,"biomesoplenty:maple_leaves":33,"biomesoplenty:reed":10,"minecraft:amethyst_block":8,"minecraft:string":26,"minecraft:raw_copper":34,"minecraft:shroomlight":3,"minecraft:cobbled_deepslate":28,"biomesoplenty:fir_planks":40,"minecraft:iron_pickaxe":5,"minecraft:iron_boots":2,"minecraft:furnace":5,"minecraft:stick":28,"jet_and_elias_armors:japanese_footsoldier_helmet":3,"minecraft:torch":23,"minecraft:porkchop":32,"tombstone:grave_dust":7,"minecraft:diorite":26,"gnumus:grilled_juicy_meat":2,"minecraft:cauldron":1,"minecraft:black_dye":1,"minecraft:stone_sword":2,"quark:clear_shard":4,"minecraft:rotten_flesh":68,"minecraft:carved_pumpkin":5,"biomesoplenty:barley":29,"minecraft:obsidian":4,"minecraft:cobblestone":401,"minecraft:pink_petals":22,"minecraft:magma_block":1,"minecraft:feather":5,"minecraft:cooked_beef":2,"minecraft:cherry_planks":16,"minecraft:cherry_leaves":1,"minecraft:andesite":9,"minecraft:brown_wool":2,"minecraft:potato":11,"biomesoplenty:fir_sapling":11,"biomesoplenty:fir_log":30,"minecraft:flint":1,"minecraft:tuff":13,"minecraft:lapis_lazuli":60,"minecraft:dirt":1654,"minecraft:lantern":4,"gnumus:gnumus_pouch_2":1,"minecraft:name_tag":1,"minecraft:leather_boots":1,"minecraft:bone":47,"minecraft:bow":7,"minecraft:wheat_seeds":117,"minecraft:raw_gold":29,"minecraft:grindstone":1,"minecraft:glowstone_dust":21,"minecraft:stone_hoe":3,"minecraft:oak_planks":97,"biomesoplenty:toadstool":2,"minecraft:cooked_porkchop":7,"minecraft:sand":105,"sophisticatedbackpacks:iron_backpack":1,"minecraft:ink_sac":6,"quark:red_corundum":2,"minecraft:bundle":2,"minecraft:diamond":8,"gnumus:gnumus_clay":16,"minecraft:granite":7,"minecraft:grass":3,"minecraft:bread":59,"minecraft:emerald":1,"minecraft:oak_sapling":48,"minecraft:netherrack":23,"quark:crimson_chest":1,"minecraft:crafting_table":13,"minecraft:azure_bluet":2,"minecraft:chicken":6,"minecraft:leather_leggings":1,"minecraft:wooden_pickaxe":2,"minecraft:pink_wool":3,"minecraft:stone_brick_wall":3,"minecraft:gold_block":1,"minecraft:shield":1,"minecraft:cornflower":13,"minecraft:moss_carpet":2,"minecraft:iron_axe":2,"minecraft:beef":28,"minecraft:oak_boat":2,"minecraft:iron_nugget":3,"minecraft:poppy":19,"minecraft:light_gray_wool":3,"minecraft:sugar_cane":56,"minecraft:egg":3,"minecraft:raw_iron":190,"minecraft:stone":8,"quark:green_corundum_cluster":1,"gnumus:juicy_meat":2,"minecraft:copper_ingot":16,"minecraft:redstone":22,"minecraft:arrow":36,"minecraft:stone_shovel":8,"minecraft:hay_block":14,"gnumus:mouse_skin":6,"minecraft:mutton":33,"minecraft:white_wool":26,"minecraft:oxeye_daisy":4,"minecraft:stripped_oak_log":16,"minecraft:glow_ink_sac":5,"minecraft:salmon":2,"minecraft:leather":24,"minecraft:fern":3,"gnumus:gnumus_pouch":2,"minecraft:birch_planks":1,"minecraft:crimson_fungus":1,"minecraft:oak_log":147,"biomesoplenty:orange_autumn_leaves":51,"minecraft:nether_wart_block":13,"minecraft:gunpowder":4,"minecraft:white_banner":3,"minecraft:cooked_mutton":1,"minecraft:apple":9,"minecraft:stone_bricks":4,"gnumus:gnumus_horn":2,"minecraft:iron_ingot":11,"minecraft:stone_pickaxe":2,"jet_and_elias_armors:pink_mercenary_heavy_chestplate":1,"minecraft:book":12,"minecraft:oak_slab":2,"quark:red_corundum_cluster":5,"minecraft:pumpkin":24,"minecraft:sweet_berries":6,"minecraft:red_wool":13,"minecraft:quartz":9,"minecraft:dandelion":49,"minecraft:gravel":7,"minecraft:white_bed":9,"quark:oak_chest":3,"quark:blue_corundum_cluster":16,"minecraft:spider_eye":12,"minecraft:leather_helmet":1,"biomesoplenty:bramble":9,"minecraft:stone_axe":4,"minecraft:iron_helmet":1,"minecraft:cherry_sapling":1,"quark:blue_corundum":11,"minecraft:coal":173}},"DataVersion":3465}