{"stats":{"minecraft:custom":{"minecraft:time_since_rest":6448,"minecraft:play_time":15625,"minecraft:sprint_one_cm":10475,"minecraft:walk_one_cm":15842,"minecraft:damage_taken":405,"minecraft:deaths":1,"minecraft:sneak_time":17,"minecraft:jump":58,"minecraft:damage_dealt":159,"minecraft:leave_game":1,"minecraft:time_since_death":3644,"minecraft:total_world_time":15625,"minecraft:fall_one_cm":418,"minecraft:interact_with_crafting_table":1,"minecraft:fly_one_cm":6555},"minecraft:crafted":{"biomesoplenty:fir_planks":24,"minecraft:torch":4,"minecraft:crafting_table":1,"minecraft:stick":4,"minecraft:wooden_pickaxe":1},"minecraft:killed_by":{"minecraft:zombie":1},"minecraft:mined":{"minecraft:grass":2,"minecraft:coal_ore":3,"biomesoplenty:fir_leaves":1,"minecraft:dirt":1,"biomesoplenty:fir_log":7,"minecraft:fern":1},"minecraft:used":{"minecraft:torch":1,"minecraft:crafting_table":1,"minecraft:wooden_pickaxe":9},"minecraft:picked_up":{"minecraft:stick":6,"minecraft:wooden_pickaxe":1,"biomesoplenty:fir_sapling":4,"biomesoplenty:fir_log":8,"minecraft:coal":3,"minecraft:dirt":1}},"DataVersion":3465}