{"stats":{"minecraft:killed_by":{"minecraft:skeleton":3,"minecraft:zombie":2},"minecraft:dropped":{"minecraft:bread":17,"minecraft:wheat_seeds":15,"minecraft:feather":3,"minecraft:cobblestone":4,"minecraft:granite":2,"jet_and_elias_armors:japanese_footsoldier_chestplate":1,"minecraft:coal":3,"minecraft:oxeye_daisy":1,"minecraft:dirt":64,"minecraft:diorite":1,"minecraft:cornflower":11,"minecraft:cherry_planks":2,"minecraft:oak_stairs":8,"minecraft:rotten_flesh":6,"minecraft:azure_bluet":1,"minecraft:oak_sapling":7,"minecraft:stone_pickaxe":1},"minecraft:mined":{"quark:red_corundum":2,"minecraft:white_bed":8,"minecraft:farmland":1,"minecraft:carved_pumpkin":2,"minecraft:granite":2,"minecraft:stone_brick_wall":1,"minecraft:grass_block":496,"minecraft:oxeye_daisy":1,"minecraft:hay_block":14,"minecraft:furnace":1,"biomesoplenty:toadstool":1,"minecraft:iron_ore":9,"minecraft:andesite":8,"minecraft:pumpkin":9,"minecraft:azure_bluet":1,"minecraft:bookshelf":4,"minecraft:dirt_path":2,"minecraft:water_cauldron":1,"minecraft:oak_stairs":5,"minecraft:stripped_oak_log":16,"minecraft:stone":280,"quark:red_corundum_cluster":1,"quark:blue_corundum":11,"quark:oak_chest":3,"minecraft:dandelion":13,"minecraft:crafting_table":1,"minecraft:cornflower":4,"biomesoplenty:fir_planks":2,"minecraft:poppy":7,"minecraft:cobblestone":4,"quark:blue_corundum_cluster":3,"minecraft:tall_grass":7,"minecraft:copper_ore":10,"biomesoplenty:sprout":1,"minecraft:grindstone":1,"minecraft:sugar_cane":3,"minecraft:oak_planks":69,"minecraft:diorite":20,"minecraft:wall_torch":1,"minecraft:wheat":2,"biomesoplenty:fir_log":29,"minecraft:stone_brick_stairs":2,"minecraft:grass":204,"minecraft:coal_ore":54,"minecraft:oak_log":68,"biomesoplenty:fir_leaves":1,"minecraft:dirt":756,"minecraft:oak_leaves":20,"minecraft:fern":36},"minecraft:used":{"minecraft:stone_sword":28,"minecraft:iron_shovel":250,"minecraft:stone_shovel":1125,"minecraft:cooked_chicken":2,"minecraft:stone_hoe":21,"minecraft:rotten_flesh":9,"minecraft:torch":10,"minecraft:dirt":457,"minecraft:lantern":2,"biomesoplenty:fir_sapling":1,"minecraft:oak_stairs":145,"minecraft:stone_brick_stairs":38,"minecraft:furnace":7,"minecraft:oak_sapling":16,"minecraft:wheat_seeds":18,"minecraft:cooked_mutton":17,"minecraft:diorite":15,"minecraft:stone_pickaxe":99,"minecraft:oak_planks":75,"minecraft:wooden_pickaxe":21,"biomesoplenty:fir_planks":34,"minecraft:sugar_cane":6,"minecraft:salmon":2,"minecraft:crafting_table":4,"minecraft:white_bed":7,"minecraft:stone_brick_wall":17,"jet_and_elias_armors:ronin_robe_red_chestplate":1,"minecraft:cornflower":1,"minecraft:bread":11,"minecraft:iron_pickaxe":317,"jet_and_elias_armors:japanese_footsoldier_chestplate":1,"minecraft:stone_axe":380,"minecraft:cobblestone":11,"minecraft:andesite":8,"quark:oak_chest":7,"minecraft:dandelion":1,"minecraft:bone_meal":6},"minecraft:killed":{"minecraft:spider":3,"minecraft:skeleton":1,"minecraft:horse":4,"minecraft:chicken":4,"minecraft:drowned":1,"minecraft:pig":1,"minecraft:salmon":2,"minecraft:creeper":1,"minecraft:sheep":17,"minecraft:pillager":3,"minecraft:zombie":20,"minecraft:cow":3},"minecraft:custom":{"minecraft:mob_kills":60,"minecraft:interact_with_crafting_table":68,"minecraft:leave_game":7,"minecraft:time_since_death":165185,"minecraft:sprint_one_cm":423639,"minecraft:walk_one_cm":542409,"minecraft:drop":21,"minecraft:play_time":227265,"minecraft:sneak_time":3281,"minecraft:deaths":5,"minecraft:walk_under_water_one_cm":16840,"minecraft:jump":2707,"minecraft:walk_on_water_one_cm":23897,"minecraft:total_world_time":227265,"minecraft:interact_with_furnace":65,"minecraft:sleep_in_bed":10,"minecraft:time_since_rest":10859,"minecraft:damage_taken":2682,"minecraft:damage_dealt":8898,"minecraft:fly_one_cm":598329,"minecraft:swim_one_cm":15087,"minecraft:player_kills":1,"minecraft:open_chest":30,"minecraft:crouch_one_cm":3979,"minecraft:fall_one_cm":59901},"minecraft:picked_up":{"minecraft:crafting_table":1,"minecraft:wheat":4,"minecraft:azure_bluet":1,"minecraft:chicken":6,"minecraft:wooden_pickaxe":2,"minecraft:oak_stairs":5,"minecraft:stone_brick_wall":1,"minecraft:stone_brick_stairs":2,"minecraft:cornflower":12,"minecraft:string":4,"minecraft:raw_copper":32,"biomesoplenty:fir_planks":40,"minecraft:beef":9,"minecraft:poppy":7,"minecraft:iron_pickaxe":2,"minecraft:light_gray_wool":3,"minecraft:sugar_cane":6,"minecraft:furnace":1,"minecraft:egg":1,"minecraft:stick":16,"minecraft:raw_iron":9,"minecraft:torch":1,"minecraft:porkchop":2,"minecraft:diorite":20,"minecraft:cauldron":1,"minecraft:stone_sword":2,"minecraft:arrow":5,"minecraft:rotten_flesh":17,"minecraft:hay_block":14,"minecraft:carved_pumpkin":2,"minecraft:mutton":32,"minecraft:white_wool":13,"minecraft:cobblestone":294,"minecraft:oxeye_daisy":1,"minecraft:stripped_oak_log":16,"minecraft:feather":5,"minecraft:cherry_planks":2,"minecraft:andesite":8,"minecraft:salmon":2,"minecraft:brown_wool":2,"minecraft:leather":8,"biomesoplenty:fir_sapling":11,"biomesoplenty:fir_log":30,"minecraft:oak_log":66,"minecraft:dirt":1235,"minecraft:bone":6,"minecraft:apple":3,"minecraft:wheat_seeds":49,"minecraft:grindstone":1,"minecraft:stone_pickaxe":2,"minecraft:oak_planks":66,"minecraft:book":12,"biomesoplenty:toadstool":2,"quark:red_corundum_cluster":5,"minecraft:pumpkin":9,"minecraft:dandelion":25,"minecraft:ink_sac":3,"minecraft:white_bed":8,"quark:oak_chest":3,"quark:blue_corundum_cluster":16,"quark:red_corundum":2,"minecraft:spider_eye":1,"minecraft:diamond":1,"minecraft:stone_axe":1,"minecraft:granite":2,"minecraft:bread":3,"minecraft:oak_sapling":25,"quark:blue_corundum":11,"minecraft:coal":60},"minecraft:crafted":{"minecraft:black_dye":3,"minecraft:oak_planks":296,"minecraft:stone_shovel":9,"minecraft:stone_brick_wall":18,"minecraft:iron_nugget":27,"minecraft:cooked_chicken":2,"minecraft:furnace":6,"minecraft:stone":116,"minecraft:bone_meal":6,"jet_and_elias_armors:ronin_robe_red_black_sleeves_chestplate":1,"minecraft:cooked_mutton":19,"minecraft:stone_stairs":28,"minecraft:lantern":3,"minecraft:stone_pickaxe":3,"jet_and_elias_armors:japanese_footsoldier_helmet":1,"jet_and_elias_armors:japanese_footsoldier_chestplate":1,"minecraft:stone_hoe":1,"minecraft:stone_bricks":72,"minecraft:wheat":126,"minecraft:red_dye":7,"minecraft:crafting_table":3,"minecraft:wooden_pickaxe":2,"minecraft:red_wool":7,"minecraft:copper_ingot":16,"jet_and_elias_armors:ronin_robe_red_chestplate":1,"minecraft:stone_axe":4,"minecraft:bread":42,"minecraft:air":0,"biomesoplenty:fir_planks":84,"minecraft:stone_brick_stairs":36,"minecraft:iron_pickaxe":1,"minecraft:stick":48,"minecraft:iron_ingot":9,"quark:oak_chest":4,"minecraft:oak_stairs":160,"minecraft:stone_sword":1,"minecraft:iron_shovel":1,"minecraft:torch":24},"minecraft:broken":{"minecraft:iron_shovel":1,"minecraft:stone_axe":2,"minecraft:iron_pickaxe":1,"minecraft:stone_shovel":8}},"DataVersion":3465}