{"stats":{"minecraft:custom":{"minecraft:time_since_rest":6755,"minecraft:sprint_one_cm":31815,"minecraft:damage_taken":630,"minecraft:walk_one_cm":36123,"minecraft:mob_kills":6,"minecraft:damage_dealt":1269,"minecraft:interact_with_crafting_table":16,"minecraft:fly_one_cm":33127,"minecraft:play_time":38755,"minecraft:deaths":2,"minecraft:sneak_time":76,"minecraft:jump":189,"minecraft:leave_game":2,"minecraft:time_since_death":6567,"minecraft:total_world_time":38755,"minecraft:fall_one_cm":3462},"minecraft:killed":{"minecraft:zombie":4,"minecraft:spider":2},"minecraft:crafted":{"biomesoplenty:fir_planks":64,"minecraft:crafting_table":1,"minecraft:stick":8,"minecraft:wooden_pickaxe":1,"minecraft:stone_pickaxe":1,"minecraft:stone_sword":1,"minecraft:torch":8,"minecraft:stone_axe":1},"minecraft:killed_by":{"minecraft:zombie":2},"minecraft:mined":{"biomesoplenty:fir_log":16,"minecraft:grass":9,"biomesoplenty:fir_planks":2,"minecraft:coal_ore":3,"biomesoplenty:fir_leaves":1,"minecraft:dirt":1,"minecraft:stone":13,"minecraft:fern":7},"minecraft:used":{"minecraft:stone_sword":28,"minecraft:stone_pickaxe":10,"minecraft:wooden_pickaxe":14,"biomesoplenty:fir_planks":30,"minecraft:torch":5,"minecraft:cobblestone":4,"minecraft:crafting_table":1},"minecraft:picked_up":{"minecraft:stick":7,"minecraft:wooden_pickaxe":2,"biomesoplenty:fir_sapling":6,"biomesoplenty:fir_log":17,"minecraft:spider_eye":1,"minecraft:string":3,"minecraft:dirt":1,"minecraft:stone_sword":1,"minecraft:rotten_flesh":5,"minecraft:wheat_seeds":1,"biomesoplenty:fir_planks":30,"minecraft:stone_pickaxe":1,"minecraft:coal":5,"minecraft:cobblestone":18}},"DataVersion":3465}