{"stats":{"minecraft:killed_by":{"minecraft:skeleton":3,"minecraft:zombie":2},"minecraft:dropped":{"minecraft:wheat_seeds":10,"minecraft:feather":3,"minecraft:cobblestone":4,"jet_and_elias_armors:japanese_footsoldier_chestplate":1,"minecraft:diorite":1,"minecraft:cornflower":8,"minecraft:rotten_flesh":2,"minecraft:oak_sapling":7,"minecraft:stone_pickaxe":1},"minecraft:mined":{"quark:red_corundum":2,"minecraft:white_bed":6,"minecraft:farmland":1,"minecraft:carved_pumpkin":2,"minecraft:grass_block":218,"minecraft:oxeye_daisy":1,"minecraft:hay_block":14,"minecraft:furnace":1,"biomesoplenty:toadstool":1,"minecraft:iron_ore":9,"minecraft:andesite":8,"minecraft:pumpkin":9,"minecraft:azure_bluet":1,"minecraft:bookshelf":4,"minecraft:dirt_path":2,"minecraft:water_cauldron":1,"minecraft:oak_stairs":3,"minecraft:stone":211,"quark:red_corundum_cluster":1,"quark:blue_corundum":11,"quark:oak_chest":2,"minecraft:dandelion":13,"minecraft:cornflower":4,"minecraft:crafting_table":1,"biomesoplenty:fir_planks":2,"minecraft:poppy":7,"minecraft:cobblestone":4,"quark:blue_corundum_cluster":3,"minecraft:tall_grass":7,"minecraft:copper_ore":10,"biomesoplenty:sprout":1,"minecraft:grindstone":1,"minecraft:sugar_cane":1,"minecraft:oak_planks":61,"minecraft:diorite":20,"minecraft:wall_torch":1,"minecraft:wheat":2,"minecraft:stone_brick_stairs":1,"biomesoplenty:fir_log":29,"minecraft:grass":193,"minecraft:coal_ore":54,"minecraft:oak_log":50,"biomesoplenty:fir_leaves":1,"minecraft:dirt":63,"minecraft:oak_leaves":20,"minecraft:fern":36},"minecraft:used":{"minecraft:stone_sword":28,"minecraft:stone_shovel":416,"minecraft:stone_hoe":21,"minecraft:cooked_chicken":2,"minecraft:rotten_flesh":9,"minecraft:torch":10,"minecraft:dirt":289,"biomesoplenty:fir_sapling":1,"minecraft:oak_stairs":107,"minecraft:stone_brick_stairs":29,"minecraft:oak_sapling":15,"minecraft:furnace":7,"minecraft:wheat_seeds":18,"minecraft:cooked_mutton":8,"minecraft:diorite":15,"minecraft:stone_pickaxe":99,"minecraft:oak_planks":61,"minecraft:wooden_pickaxe":21,"biomesoplenty:fir_planks":34,"minecraft:sugar_cane":2,"minecraft:salmon":2,"minecraft:crafting_table":4,"minecraft:white_bed":5,"jet_and_elias_armors:ronin_robe_red_chestplate":1,"minecraft:cornflower":1,"minecraft:bread":11,"minecraft:iron_pickaxe":244,"jet_and_elias_armors:japanese_footsoldier_chestplate":1,"minecraft:stone_axe":311,"minecraft:cobblestone":11,"minecraft:andesite":8,"quark:oak_chest":2,"minecraft:dandelion":1,"minecraft:bone_meal":6},"minecraft:killed":{"minecraft:spider":3,"minecraft:horse":3,"minecraft:chicken":4,"minecraft:drowned":1,"minecraft:pig":1,"minecraft:salmon":2,"minecraft:creeper":1,"minecraft:sheep":17,"minecraft:zombie":19,"minecraft:cow":3},"minecraft:custom":{"minecraft:mob_kills":54,"minecraft:interact_with_crafting_table":56,"minecraft:leave_game":5,"minecraft:time_since_death":114929,"minecraft:sprint_one_cm":367289,"minecraft:walk_one_cm":390590,"minecraft:drop":10,"minecraft:play_time":177009,"minecraft:sneak_time":2609,"minecraft:deaths":5,"minecraft:walk_under_water_one_cm":9790,"minecraft:jump":2199,"minecraft:walk_on_water_one_cm":15935,"minecraft:total_world_time":177009,"minecraft:interact_with_furnace":59,"minecraft:sleep_in_bed":7,"minecraft:time_since_rest":1632,"minecraft:damage_taken":2247,"minecraft:damage_dealt":7609,"minecraft:swim_one_cm":14576,"minecraft:fly_one_cm":495623,"minecraft:player_kills":1,"minecraft:open_chest":23,"minecraft:crouch_one_cm":3054,"minecraft:fall_one_cm":49739},"minecraft:picked_up":{"minecraft:crafting_table":1,"minecraft:wheat":4,"minecraft:azure_bluet":1,"minecraft:chicken":6,"minecraft:wooden_pickaxe":2,"minecraft:oak_stairs":3,"minecraft:stone_brick_stairs":1,"minecraft:cornflower":12,"minecraft:string":4,"minecraft:raw_copper":32,"biomesoplenty:fir_planks":40,"minecraft:beef":9,"minecraft:poppy":7,"minecraft:iron_pickaxe":2,"minecraft:light_gray_wool":3,"minecraft:sugar_cane":2,"minecraft:furnace":1,"minecraft:egg":1,"minecraft:stick":13,"minecraft:raw_iron":9,"minecraft:torch":1,"minecraft:porkchop":2,"minecraft:diorite":20,"minecraft:cauldron":1,"minecraft:stone_sword":2,"minecraft:arrow":4,"minecraft:rotten_flesh":16,"minecraft:hay_block":14,"minecraft:carved_pumpkin":2,"minecraft:mutton":32,"minecraft:white_wool":13,"minecraft:cobblestone":225,"minecraft:oxeye_daisy":1,"minecraft:feather":5,"minecraft:andesite":8,"minecraft:salmon":2,"minecraft:brown_wool":2,"minecraft:leather":8,"biomesoplenty:fir_sapling":11,"biomesoplenty:fir_log":30,"minecraft:oak_log":50,"minecraft:dirt":335,"minecraft:bone":5,"minecraft:apple":1,"minecraft:wheat_seeds":48,"minecraft:grindstone":1,"minecraft:stone_pickaxe":2,"minecraft:oak_planks":61,"minecraft:book":12,"biomesoplenty:toadstool":2,"quark:red_corundum_cluster":5,"minecraft:pumpkin":9,"minecraft:dandelion":13,"minecraft:ink_sac":3,"minecraft:white_bed":6,"quark:oak_chest":2,"quark:blue_corundum_cluster":16,"quark:red_corundum":2,"minecraft:spider_eye":1,"minecraft:diamond":1,"minecraft:bread":3,"minecraft:oak_sapling":22,"quark:blue_corundum":11,"minecraft:coal":57},"minecraft:crafted":{"minecraft:black_dye":3,"minecraft:oak_planks":160,"minecraft:stone_shovel":3,"minecraft:cooked_chicken":2,"minecraft:furnace":6,"minecraft:stone":107,"minecraft:bone_meal":6,"jet_and_elias_armors:ronin_robe_red_black_sleeves_chestplate":1,"minecraft:cooked_mutton":19,"minecraft:stone_stairs":28,"minecraft:stone_pickaxe":3,"jet_and_elias_armors:japanese_footsoldier_helmet":1,"jet_and_elias_armors:japanese_footsoldier_chestplate":1,"minecraft:stone_hoe":1,"minecraft:stone_bricks":44,"minecraft:wheat":126,"minecraft:red_dye":7,"minecraft:crafting_table":3,"minecraft:wooden_pickaxe":2,"minecraft:red_wool":7,"minecraft:copper_ingot":16,"jet_and_elias_armors:ronin_robe_red_chestplate":1,"minecraft:stone_axe":4,"minecraft:bread":42,"minecraft:air":0,"biomesoplenty:fir_planks":84,"minecraft:stone_brick_stairs":28,"minecraft:stick":32,"minecraft:iron_pickaxe":1,"minecraft:iron_ingot":9,"minecraft:oak_stairs":104,"minecraft:stone_sword":1,"minecraft:torch":12},"minecraft:broken":{"minecraft:stone_axe":2,"minecraft:iron_pickaxe":1,"minecraft:stone_shovel":2}},"DataVersion":3465}