{"stats":{"minecraft:custom":{"minecraft:time_since_rest":17252,"minecraft:deaths":1,"minecraft:play_time":26429,"minecraft:sprint_one_cm":19353,"minecraft:damage_taken":405,"minecraft:walk_one_cm":20324,"minecraft:sneak_time":17,"minecraft:jump":111,"minecraft:damage_dealt":159,"minecraft:leave_game":1,"minecraft:time_since_death":14448,"minecraft:total_world_time":26429,"minecraft:interact_with_crafting_table":11,"minecraft:fall_one_cm":1672,"minecraft:fly_one_cm":20420},"minecraft:crafted":{"biomesoplenty:fir_planks":52,"minecraft:torch":4,"minecraft:crafting_table":1,"minecraft:stick":4,"minecraft:stone_pickaxe":1,"minecraft:wooden_pickaxe":1},"minecraft:killed_by":{"minecraft:zombie":1},"minecraft:mined":{"minecraft:grass":5,"minecraft:coal_ore":3,"biomesoplenty:fir_leaves":1,"minecraft:dirt":1,"minecraft:stone":10,"minecraft:fern":2,"biomesoplenty:fir_log":13},"minecraft:used":{"minecraft:torch":1,"minecraft:crafting_table":1,"minecraft:stone_pickaxe":7,"minecraft:wooden_pickaxe":14},"minecraft:picked_up":{"minecraft:stick":6,"minecraft:wooden_pickaxe":1,"biomesoplenty:fir_sapling":4,"biomesoplenty:fir_log":14,"minecraft:coal":3,"minecraft:dirt":1,"minecraft:cobblestone":10}},"DataVersion":3465}