{"stats":{"minecraft:custom":{"minecraft:time_since_rest":18116,"minecraft:sprint_one_cm":55215,"minecraft:damage_taken":630,"minecraft:walk_one_cm":52668,"minecraft:mob_kills":12,"minecraft:drop":1,"minecraft:damage_dealt":1669,"minecraft:interact_with_crafting_table":19,"minecraft:fly_one_cm":62433,"minecraft:crouch_one_cm":97,"minecraft:play_time":50116,"minecraft:deaths":2,"minecraft:sneak_time":150,"minecraft:jump":314,"minecraft:leave_game":2,"minecraft:time_since_death":17928,"minecraft:total_world_time":50116,"minecraft:fall_one_cm":6713},"minecraft:killed":{"minecraft:sheep":4,"minecraft:zombie":4,"minecraft:chicken":2,"minecraft:spider":2},"minecraft:crafted":{"biomesoplenty:fir_planks":64,"minecraft:crafting_table":1,"minecraft:stick":8,"minecraft:wooden_pickaxe":1,"minecraft:stone_pickaxe":1,"minecraft:stone_sword":1,"minecraft:torch":8,"minecraft:stone_axe":1},"minecraft:killed_by":{"minecraft:zombie":2},"minecraft:dropped":{"minecraft:cobblestone":4},"minecraft:mined":{"biomesoplenty:toadstool":1,"biomesoplenty:fir_log":24,"minecraft:grass":11,"minecraft:coal_ore":3,"biomesoplenty:fir_planks":2,"biomesoplenty:fir_leaves":1,"minecraft:dirt":1,"biomesoplenty:sprout":1,"minecraft:stone":19,"minecraft:fern":11},"minecraft:used":{"minecraft:stone_sword":28,"minecraft:stone_pickaxe":16,"minecraft:wooden_pickaxe":15,"biomesoplenty:fir_planks":30,"minecraft:rotten_flesh":6,"minecraft:stone_axe":16,"minecraft:torch":5,"minecraft:cobblestone":4,"minecraft:crafting_table":1},"minecraft:picked_up":{"biomesoplenty:toadstool":1,"minecraft:stick":9,"minecraft:feather":1,"minecraft:chicken":2,"minecraft:brown_wool":1,"minecraft:wooden_pickaxe":2,"biomesoplenty:fir_sapling":7,"biomesoplenty:fir_log":25,"minecraft:dirt":1,"minecraft:spider_eye":1,"minecraft:string":3,"minecraft:bone":1,"minecraft:stone_sword":1,"minecraft:arrow":2,"minecraft:rotten_flesh":6,"minecraft:wheat_seeds":2,"biomesoplenty:fir_planks":30,"minecraft:stone_pickaxe":1,"minecraft:mutton":6,"minecraft:coal":5,"minecraft:white_wool":3,"minecraft:cobblestone":24,"minecraft:egg":1}},"DataVersion":3465}