{"stats":{"minecraft:dropped":{"minecraft:stone_pickaxe":1},"minecraft:killed_by":{"minecraft:skeleton":2,"minecraft:zombie":3},"minecraft:custom":{"minecraft:time_since_rest":13876,"minecraft:sprint_one_cm":66871,"minecraft:damage_taken":1505,"minecraft:walk_one_cm":94352,"minecraft:drop":1,"minecraft:damage_dealt":315,"minecraft:swim_one_cm":610,"minecraft:fly_one_cm":57276,"minecraft:interact_with_crafting_table":3,"minecraft:crouch_one_cm":307,"minecraft:play_time":38350,"minecraft:deaths":5,"minecraft:sneak_time":32,"minecraft:walk_under_water_one_cm":252,"minecraft:jump":411,"minecraft:walk_on_water_one_cm":6328,"minecraft:time_since_death":13847,"minecraft:total_world_time":38350,"minecraft:fall_one_cm":12226},"minecraft:crafted":{"biomesoplenty:fir_planks":36,"minecraft:crafting_table":1,"minecraft:stick":8,"minecraft:stone_pickaxe":1},"minecraft:picked_up":{"biomesoplenty:toadstool":8,"minecraft:stick":40,"minecraft:crafting_table":4,"minecraft:torch":11,"minecraft:wooden_pickaxe":2,"minecraft:dandelion":16,"biomesoplenty:fir_log":25,"minecraft:dirt":15,"minecraft:cornflower":41,"minecraft:spider_eye":2,"minecraft:string":9,"minecraft:bone":2,"minecraft:arrow":12,"minecraft:rotten_flesh":2,"minecraft:stone_axe":3,"minecraft:wheat_seeds":42,"biomesoplenty:fir_planks":128,"minecraft:stone_pickaxe":8,"minecraft:poppy":34,"minecraft:coal":5,"minecraft:egg":4,"minecraft:white_wool":12,"minecraft:cobblestone":36,"minecraft:oxeye_daisy":58},"minecraft:used":{"minecraft:stone_pickaxe":57,"minecraft:rotten_flesh":2,"minecraft:stone_axe":6,"minecraft:torch":3,"minecraft:cobblestone":5,"minecraft:crafting_table":1,"minecraft:dandelion":1},"minecraft:mined":{"biomesoplenty:toadstool":3,"minecraft:dandelion":9,"biomesoplenty:fir_log":9,"minecraft:crafting_table":1,"minecraft:cornflower":9,"minecraft:grass":29,"minecraft:coal_ore":5,"minecraft:poppy":14,"minecraft:dirt":14,"minecraft:tall_grass":3,"minecraft:stone":25,"minecraft:oxeye_daisy":14,"minecraft:wall_torch":1,"minecraft:fern":43}},"DataVersion":3465}