{"stats":{"minecraft:killed_by":{"minecraft:player":1,"minecraft:skeleton":6,"minecraft:zombie":3,"minecraft:drowned":1},"minecraft:dropped":{"minecraft:stick":1,"minecraft:stone_pickaxe":1},"minecraft:mined":{"quark:yellow_blossom_leaves":13,"minecraft:cherry_log":58,"minecraft:cherry_sapling":7,"minecraft:stripped_cherry_log":1,"minecraft:dandelion":20,"minecraft:crafting_table":6,"minecraft:cornflower":11,"minecraft:grass_block":12,"minecraft:poppy":14,"minecraft:tall_grass":19,"minecraft:oxeye_daisy":16,"minecraft:wall_torch":1,"minecraft:pink_petals":50,"minecraft:furnace":1,"biomesoplenty:toadstool":5,"biomesoplenty:yellow_autumn_leaves":1,"minecraft:birch_log":42,"biomesoplenty:fir_log":12,"minecraft:azure_bluet":1,"minecraft:grass":134,"minecraft:coal_ore":28,"minecraft:cherry_leaves":436,"minecraft:dirt":30,"minecraft:stone":25,"minecraft:fern":45},"minecraft:used":{"minecraft:cherry_sapling":27,"minecraft:stone_pickaxe":162,"minecraft:stone_hoe":131,"minecraft:rotten_flesh":2,"minecraft:torch":3,"minecraft:dirt":8,"minecraft:crafting_table":6,"minecraft:iron_pickaxe":74,"minecraft:stone_axe":155,"minecraft:pink_petals":128,"minecraft:cobblestone":7,"minecraft:furnace":1,"minecraft:bone_meal":9,"minecraft:cooked_beef":9,"minecraft:dandelion":1,"minecraft:cherry_log":2},"minecraft:killed":{"minecraft:pig":2,"minecraft:spider":1,"minecraft:sheep":6,"minecraft:horse":1,"minecraft:skeleton":2,"minecraft:cow":4},"minecraft:custom":{"minecraft:interact_with_furnace":12,"minecraft:mob_kills":19,"minecraft:interact_with_crafting_table":16,"minecraft:time_since_death":20900,"minecraft:sleep_in_bed":5,"minecraft:time_since_rest":1632,"minecraft:sprint_one_cm":292998,"minecraft:damage_taken":3503,"minecraft:walk_one_cm":292054,"minecraft:drop":2,"minecraft:damage_dealt":2397,"minecraft:swim_one_cm":610,"minecraft:fly_one_cm":234321,"minecraft:open_chest":2,"minecraft:crouch_one_cm":763,"minecraft:play_time":111444,"minecraft:deaths":11,"minecraft:sneak_time":91,"minecraft:walk_under_water_one_cm":765,"minecraft:jump":1365,"minecraft:walk_on_water_one_cm":7417,"minecraft:total_world_time":111444,"minecraft:horse_one_cm":21377,"minecraft:fall_one_cm":31956},"minecraft:picked_up":{"minecraft:birch_log":80,"minecraft:pink_petals":130,"minecraft:crafting_table":12,"minecraft:azure_bluet":4,"minecraft:cooked_beef":5,"minecraft:cherry_planks":48,"minecraft:leather":12,"minecraft:wooden_pickaxe":2,"biomesoplenty:fir_log":28,"minecraft:stripped_cherry_log":1,"minecraft:cornflower":74,"minecraft:dirt":102,"minecraft:string":9,"minecraft:bone":10,"jet_and_elias_armors:japanese_footsoldier_chestplate":2,"minecraft:bow":2,"minecraft:wheat_seeds":75,"biomesoplenty:fir_planks":228,"minecraft:iron_ingot":1,"minecraft:beef":13,"minecraft:stone_pickaxe":10,"minecraft:poppy":52,"minecraft:iron_pickaxe":3,"minecraft:light_gray_wool":2,"minecraft:furnace":3,"minecraft:egg":7,"biomesoplenty:toadstool":10,"minecraft:stick":135,"minecraft:torch":17,"minecraft:dandelion":49,"minecraft:porkchop":6,"minecraft:cherry_log":100,"minecraft:spider_eye":2,"minecraft:arrow":37,"minecraft:rotten_flesh":2,"minecraft:stone_axe":5,"minecraft:cherry_sapling":47,"minecraft:oak_sapling":2,"minecraft:black_wool":2,"minecraft:mutton":21,"minecraft:coal":41,"minecraft:white_wool":33,"minecraft:cobblestone":80,"minecraft:oxeye_daisy":90},"minecraft:crafted":{"minecraft:cooked_beef":5,"minecraft:cherry_planks":108,"minecraft:stone_shovel":1,"minecraft:cooked_porkchop":2,"minecraft:crafting_table":2,"minecraft:furnace":1,"minecraft:bone_meal":9,"minecraft:birch_planks":160,"minecraft:stone_axe":3,"biomesoplenty:fir_planks":48,"minecraft:stick":8,"minecraft:stone_pickaxe":1,"minecraft:stone_hoe":1},"minecraft:broken":{"minecraft:stone_pickaxe":2,"minecraft:stone_axe":1,"minecraft:stone_hoe":1}},"DataVersion":3465}