{"stats":{"minecraft:killed":{"minecraft:sheep":4,"minecraft:horse":1,"minecraft:skeleton":1,"minecraft:cow":4},"minecraft:dropped":{"minecraft:stick":1,"minecraft:stone_pickaxe":1},"minecraft:killed_by":{"minecraft:skeleton":2,"minecraft:zombie":3,"minecraft:drowned":1},"minecraft:custom":{"minecraft:interact_with_furnace":3,"minecraft:mob_kills":13,"minecraft:interact_with_crafting_table":11,"minecraft:time_since_death":23427,"minecraft:sleep_in_bed":1,"minecraft:time_since_rest":4664,"minecraft:sprint_one_cm":135626,"minecraft:damage_taken":1895,"minecraft:walk_one_cm":171445,"minecraft:drop":2,"minecraft:damage_dealt":1402,"minecraft:swim_one_cm":610,"minecraft:fly_one_cm":118190,"minecraft:crouch_one_cm":396,"minecraft:play_time":62350,"minecraft:deaths":6,"minecraft:sneak_time":47,"minecraft:walk_under_water_one_cm":252,"minecraft:jump":732,"minecraft:walk_on_water_one_cm":6328,"minecraft:total_world_time":62350,"minecraft:fall_one_cm":19266,"minecraft:horse_one_cm":17637},"minecraft:crafted":{"minecraft:cooked_beef":2,"minecraft:cherry_planks":24,"minecraft:crafting_table":2,"minecraft:furnace":1,"biomesoplenty:fir_planks":48,"minecraft:stick":8,"minecraft:stone_pickaxe":1},"minecraft:picked_up":{"minecraft:pink_petals":1,"minecraft:crafting_table":7,"minecraft:azure_bluet":1,"minecraft:cooked_beef":5,"minecraft:leather":6,"minecraft:wooden_pickaxe":2,"biomesoplenty:fir_log":28,"minecraft:string":9,"minecraft:cornflower":52,"minecraft:dirt":35,"minecraft:bone":7,"minecraft:wheat_seeds":58,"biomesoplenty:fir_planks":156,"minecraft:beef":10,"minecraft:stone_pickaxe":10,"minecraft:poppy":40,"minecraft:furnace":1,"minecraft:egg":5,"biomesoplenty:toadstool":8,"minecraft:stick":55,"minecraft:torch":13,"minecraft:dandelion":27,"minecraft:cherry_log":8,"minecraft:spider_eye":2,"minecraft:arrow":19,"minecraft:rotten_flesh":2,"minecraft:stone_axe":3,"minecraft:cherry_sapling":8,"minecraft:oxeye_daisy":74,"minecraft:mutton":6,"minecraft:coal":14,"minecraft:white_wool":19,"minecraft:cobblestone":58},"minecraft:mined":{"quark:yellow_blossom_leaves":13,"minecraft:cherry_log":8,"minecraft:cherry_sapling":1,"minecraft:dandelion":20,"minecraft:crafting_table":3,"minecraft:cornflower":11,"minecraft:grass_block":2,"minecraft:poppy":14,"minecraft:tall_grass":14,"minecraft:oxeye_daisy":16,"minecraft:wall_torch":1,"minecraft:pink_petals":1,"minecraft:furnace":1,"biomesoplenty:toadstool":3,"biomesoplenty:fir_log":12,"minecraft:azure_bluet":1,"minecraft:grass":84,"minecraft:coal_ore":5,"minecraft:cherry_leaves":31,"minecraft:dirt":17,"minecraft:stone":25,"minecraft:fern":44},"minecraft:used":{"minecraft:cherry_sapling":8,"minecraft:stone_pickaxe":162,"minecraft:rotten_flesh":2,"minecraft:torch":3,"minecraft:crafting_table":4,"minecraft:stone_axe":6,"minecraft:pink_petals":1,"minecraft:cobblestone":7,"minecraft:furnace":1,"minecraft:cooked_beef":5,"minecraft:dandelion":1,"minecraft:cherry_log":2},"minecraft:broken":{"minecraft:stone_pickaxe":2}},"DataVersion":3465}