{"stats":{"minecraft:crafted":{"minecraft:cherry_planks":516,"minecraft:oak_planks":108,"minecraft:stone_shovel":1,"quark:birch_chest":1,"minecraft:fishing_rod":1,"minecraft:iron_nugget":90,"minecraft:cherry_slab":12,"minecraft:furnace":2,"minecraft:bone_meal":9,"minecraft:cooked_mutton":16,"minecraft:lantern":11,"minecraft:iron_axe":1,"minecraft:cherry_stairs":88,"minecraft:stone_pickaxe":3,"minecraft:stone_hoe":1,"minecraft:cherry_fence":18,"minecraft:cooked_beef":5,"minecraft:red_dye":1,"minecraft:oak_slab":90,"minecraft:cooked_porkchop":3,"minecraft:crafting_table":3,"minecraft:wooden_pickaxe":1,"minecraft:red_bed":1,"minecraft:birch_planks":160,"minecraft:stone_axe":6,"biomesoplenty:fir_planks":48,"minecraft:wooden_hoe":1,"minecraft:stick":24,"minecraft:oak_stairs":44,"minecraft:wooden_axe":4,"minecraft:cherry_door":6,"minecraft:white_bed":2,"minecraft:torch":60,"minecraft:shears":1,"minecraft:carrot_on_a_stick":1},"minecraft:broken":{"minecraft:golden_helmet":1,"minecraft:shears":1,"minecraft:stone_hoe":1,"minecraft:stone_pickaxe":2,"minecraft:chainmail_chestplate":1,"minecraft:stone_axe":5,"minecraft:iron_pickaxe":1,"minecraft:wooden_axe":4},"minecraft:mined":{"minecraft:white_bed":3,"minecraft:oak_sapling":1,"quark:yellow_blossom_leaves":13,"minecraft:cherry_log":204,"minecraft:cherry_sapling":11,"minecraft:stripped_cherry_log":11,"minecraft:grass_block":114,"minecraft:composter":1,"minecraft:oxeye_daisy":21,"minecraft:oak_trapdoor":4,"minecraft:furnace":2,"minecraft:carrots":1,"biomesoplenty:toadstool":5,"minecraft:iron_ore":12,"minecraft:andesite":10,"minecraft:azure_bluet":8,"minecraft:dirt_path":1,"minecraft:oak_stairs":9,"minecraft:lantern":1,"minecraft:stripped_oak_log":2,"minecraft:stone":46,"minecraft:cherry_stairs":24,"minecraft:white_wool":1,"quark:red_corundum_cluster":5,"minecraft:oak_slab":6,"minecraft:cherry_planks":137,"minecraft:dandelion":52,"minecraft:crafting_table":10,"minecraft:cornflower":20,"minecraft:torch":3,"minecraft:poppy":17,"minecraft:cobblestone":3,"minecraft:tall_grass":20,"minecraft:oak_planks":6,"minecraft:wall_torch":6,"minecraft:cherry_slab":19,"minecraft:pink_petals":62,"minecraft:cherry_fence":1,"minecraft:birch_planks":17,"biomesoplenty:yellow_autumn_leaves":1,"minecraft:birch_log":42,"minecraft:wheat":4,"biomesoplenty:fir_log":12,"minecraft:grass":215,"quark:birch_chest":1,"minecraft:coal_ore":46,"minecraft:oak_log":140,"minecraft:cherry_leaves":637,"minecraft:sand":1,"minecraft:dirt":120,"minecraft:fern":45,"minecraft:oak_leaves":203},"minecraft:killed_by":{"minecraft:player":1,"minecraft:creeper":4,"minecraft:spider":1,"minecraft:pillager":1,"minecraft:drowned":2,"minecraft:skeleton":8,"minecraft:zombie":7},"minecraft:custom":{"minecraft:mob_kills":36,"minecraft:interact_with_crafting_table":71,"minecraft:leave_game":8,"minecraft:time_since_death":7930,"minecraft:sprint_one_cm":775253,"minecraft:walk_one_cm":1394119,"minecraft:drop":9,"minecraft:play_time":463673,"minecraft:deaths":25,"minecraft:sneak_time":311,"minecraft:walk_under_water_one_cm":1582,"minecraft:jump":3367,"minecraft:walk_on_water_one_cm":13190,"minecraft:total_world_time":463673,"minecraft:interact_with_furnace":41,"minecraft:sleep_in_bed":22,"minecraft:time_since_rest":7633,"minecraft:damage_taken":9435,"minecraft:damage_dealt":4807,"minecraft:swim_one_cm":8321,"minecraft:fly_one_cm":513772,"minecraft:open_chest":45,"minecraft:crouch_one_cm":2155,"tombstone:undead_killed":4,"minecraft:fall_one_cm":79109,"minecraft:horse_one_cm":24597},"minecraft:dropped":{"minecraft:bread":3,"jet_and_elias_armors:japanese_footsoldier_chestplate":1,"minecraft:stick":1,"minecraft:oak_stairs":1,"jet_and_elias_armors:pink_mercenary_heavy_chestplate":1,"minecraft:rotten_flesh":6,"minecraft:arrow":3,"minecraft:stone_pickaxe":1},"minecraft:picked_up":{"minecraft:wooden_axe":5,"minecraft:crafting_table":18,"minecraft:wheat":3,"minecraft:azure_bluet":13,"minecraft:leather_leggings":1,"minecraft:wooden_pickaxe":4,"minecraft:pink_wool":8,"minecraft:oak_stairs":10,"minecraft:stripped_cherry_log":11,"minecraft:cornflower":105,"minecraft:oak_trapdoor":4,"minecraft:string":15,"jet_and_elias_armors:red_mercenary_heavy_leggings":2,"biomesoplenty:fir_planks":300,"minecraft:beef":13,"minecraft:poppy":79,"minecraft:iron_pickaxe":7,"minecraft:light_gray_wool":4,"minecraft:furnace":8,"minecraft:iron_boots":1,"minecraft:egg":8,"minecraft:golden_helmet":3,"minecraft:stick":332,"minecraft:raw_iron":24,"minecraft:cherry_stairs":36,"minecraft:composter":1,"minecraft:torch":107,"jet_and_elias_armors:gladiator_armor_boots":2,"minecraft:porkchop":6,"minecraft:cherry_log":300,"quark:birch_chest":2,"tombstone:grave_dust":1,"minecraft:carrot":5,"minecraft:stone_shovel":5,"minecraft:arrow":124,"minecraft:rotten_flesh":36,"minecraft:shears":4,"minecraft:mutton":26,"minecraft:stripped_oak_log":3,"minecraft:white_wool":117,"minecraft:cobblestone":142,"minecraft:oxeye_daisy":110,"minecraft:birch_log":80,"minecraft:pink_petals":158,"minecraft:cooked_beef":5,"minecraft:cherry_planks":304,"minecraft:cherry_leaves":187,"minecraft:andesite":20,"minecraft:leather":12,"minecraft:potato":3,"minecraft:birch_planks":780,"biomesoplenty:fir_log":28,"minecraft:oak_log":217,"minecraft:chainmail_chestplate":1,"minecraft:cherry_fence":4,"minecraft:lantern":1,"minecraft:wooden_hoe":1,"minecraft:cherry_door":15,"minecraft:dirt":385,"tombstone:gift":1,"minecraft:white_banner":1,"minecraft:cooked_mutton":6,"minecraft:bone":76,"jet_and_elias_armors:japanese_footsoldier_chestplate":3,"minecraft:apple":14,"minecraft:bow":8,"minecraft:wheat_seeds":121,"minecraft:iron_ingot":15,"minecraft:stone_pickaxe":13,"jet_and_elias_armors:pink_mercenary_heavy_chestplate":4,"minecraft:oak_planks":6,"biomesoplenty:toadstool":10,"minecraft:oak_slab":3,"quark:red_corundum_cluster":5,"minecraft:red_wool":3,"minecraft:dandelion":80,"minecraft:spyglass":1,"jet_and_elias_armors:wokou_armor_helmet":1,"sophisticatedbackpacks:iron_backpack":2,"minecraft:white_bed":4,"minecraft:spider_eye":2,"jet_and_elias_armors:pink_mercenary_heavy_helmet":2,"minecraft:stone_axe":6,"minecraft:iron_helmet":1,"minecraft:crossbow":6,"minecraft:bone_meal":1,"minecraft:cherry_sapling":89,"minecraft:bread":74,"minecraft:cherry_slab":23,"minecraft:oak_sapling":37,"minecraft:black_wool":4,"minecraft:coal":95,"minecraft:oak_leaves":71},"minecraft:used":{"minecraft:cherry_sapling":73,"jet_and_elias_armors:wokou_armor_helmet":1,"quark:birch_chest":3,"minecraft:stone_shovel":110,"minecraft:poppy":8,"minecraft:stone_hoe":131,"minecraft:rotten_flesh":9,"minecraft:torch":58,"minecraft:dirt":587,"minecraft:spyglass":10,"minecraft:carrot":6,"minecraft:azure_bluet":8,"minecraft:wooden_axe":236,"minecraft:lantern":12,"minecraft:iron_axe":104,"minecraft:oak_stairs":56,"minecraft:cherry_slab":26,"minecraft:cherry_leaves":21,"minecraft:oak_sapling":35,"minecraft:furnace":4,"tombstone:gift":8,"minecraft:cooked_beef":9,"minecraft:cherry_fence":19,"minecraft:cherry_log":76,"minecraft:wheat_seeds":7,"minecraft:cooked_mutton":9,"minecraft:birch_planks":107,"minecraft:stone_pickaxe":229,"minecraft:wooden_pickaxe":51,"minecraft:cherry_planks":434,"minecraft:composter":1,"minecraft:oak_leaves":42,"minecraft:white_wool":2,"minecraft:oak_slab":56,"minecraft:crafting_table":11,"minecraft:red_bed":1,"minecraft:crossbow":4,"minecraft:white_bed":5,"minecraft:shears":223,"minecraft:oak_log":141,"minecraft:cornflower":15,"minecraft:apple":7,"minecraft:oxeye_daisy":12,"quark:red_corundum_cluster":6,"minecraft:cherry_door":4,"minecraft:bread":14,"minecraft:iron_pickaxe":160,"minecraft:stone_axe":636,"minecraft:pink_petals":156,"minecraft:cobblestone":10,"minecraft:cherry_stairs":126,"minecraft:white_banner":1,"minecraft:cooked_porkchop":2,"minecraft:andesite":9,"minecraft:stripped_cherry_log":8,"minecraft:bone_meal":10,"minecraft:dandelion":33},"minecraft:killed":{"minecraft:spider":4,"minecraft:skeleton":4,"minecraft:horse":1,"minecraft:pig":2,"minecraft:sheep":9,"minecraft:pillager":1,"minecraft:zombie":7,"minecraft:cow":4}},"DataVersion":3465}