{"stats":{"minecraft:crafted":{"minecraft:cherry_planks":516,"minecraft:oak_planks":60,"minecraft:stone_shovel":1,"quark:birch_chest":1,"minecraft:fishing_rod":1,"minecraft:iron_nugget":90,"minecraft:cherry_slab":12,"minecraft:furnace":2,"minecraft:bone_meal":9,"minecraft:cooked_mutton":9,"minecraft:lantern":11,"minecraft:iron_axe":1,"minecraft:cherry_stairs":56,"minecraft:stone_pickaxe":3,"minecraft:stone_hoe":1,"minecraft:cherry_fence":18,"minecraft:cooked_beef":5,"minecraft:red_dye":1,"minecraft:oak_slab":54,"minecraft:cooked_porkchop":3,"minecraft:crafting_table":3,"minecraft:wooden_pickaxe":1,"minecraft:red_bed":1,"minecraft:birch_planks":160,"minecraft:stone_axe":6,"biomesoplenty:fir_planks":48,"minecraft:wooden_hoe":1,"minecraft:stick":24,"minecraft:oak_stairs":24,"minecraft:wooden_axe":4,"minecraft:cherry_door":6,"minecraft:white_bed":2,"minecraft:torch":60,"minecraft:shears":1,"minecraft:carrot_on_a_stick":1},"minecraft:broken":{"minecraft:golden_helmet":1,"minecraft:stone_hoe":1,"minecraft:stone_pickaxe":2,"minecraft:chainmail_chestplate":1,"minecraft:stone_axe":5,"minecraft:iron_pickaxe":1,"minecraft:wooden_axe":4},"minecraft:mined":{"minecraft:white_bed":3,"minecraft:oak_sapling":1,"quark:yellow_blossom_leaves":13,"minecraft:cherry_log":204,"minecraft:cherry_sapling":11,"minecraft:stripped_cherry_log":11,"minecraft:grass_block":114,"minecraft:composter":1,"minecraft:oxeye_daisy":18,"minecraft:oak_trapdoor":4,"minecraft:furnace":2,"minecraft:carrots":1,"biomesoplenty:toadstool":5,"minecraft:iron_ore":12,"minecraft:andesite":10,"minecraft:azure_bluet":3,"minecraft:dirt_path":1,"minecraft:oak_stairs":4,"minecraft:stripped_oak_log":1,"minecraft:stone":46,"minecraft:cherry_stairs":19,"quark:red_corundum_cluster":5,"minecraft:oak_slab":5,"minecraft:cherry_planks":124,"minecraft:dandelion":30,"minecraft:crafting_table":10,"minecraft:cornflower":16,"minecraft:torch":3,"minecraft:poppy":16,"minecraft:cobblestone":3,"minecraft:tall_grass":20,"minecraft:oak_planks":6,"minecraft:wall_torch":6,"minecraft:cherry_slab":10,"minecraft:pink_petals":62,"minecraft:cherry_fence":1,"minecraft:birch_planks":17,"biomesoplenty:yellow_autumn_leaves":1,"minecraft:birch_log":42,"minecraft:wheat":4,"biomesoplenty:fir_log":12,"minecraft:grass":195,"quark:birch_chest":1,"minecraft:oak_log":111,"minecraft:coal_ore":46,"minecraft:cherry_leaves":637,"minecraft:sand":1,"minecraft:dirt":90,"minecraft:fern":45,"minecraft:oak_leaves":169},"minecraft:killed_by":{"minecraft:player":1,"minecraft:creeper":4,"minecraft:spider":1,"minecraft:pillager":1,"minecraft:drowned":2,"minecraft:skeleton":7,"minecraft:zombie":7},"minecraft:custom":{"minecraft:mob_kills":34,"minecraft:interact_with_crafting_table":67,"minecraft:leave_game":7,"minecraft:time_since_death":135831,"minecraft:sprint_one_cm":718680,"minecraft:walk_one_cm":1218668,"minecraft:drop":8,"minecraft:play_time":407918,"minecraft:deaths":23,"minecraft:sneak_time":295,"minecraft:walk_under_water_one_cm":1582,"minecraft:jump":3063,"minecraft:walk_on_water_one_cm":13190,"minecraft:total_world_time":407918,"minecraft:interact_with_furnace":34,"minecraft:sleep_in_bed":20,"minecraft:time_since_rest":19837,"minecraft:damage_taken":9105,"minecraft:damage_dealt":4568,"minecraft:swim_one_cm":8321,"minecraft:fly_one_cm":481140,"minecraft:open_chest":31,"minecraft:crouch_one_cm":2015,"tombstone:undead_killed":4,"minecraft:fall_one_cm":69162,"minecraft:horse_one_cm":24597},"minecraft:dropped":{"minecraft:bread":3,"jet_and_elias_armors:japanese_footsoldier_chestplate":1,"minecraft:stick":1,"minecraft:oak_stairs":1,"minecraft:rotten_flesh":6,"minecraft:arrow":3,"minecraft:stone_pickaxe":1},"minecraft:picked_up":{"minecraft:wooden_axe":5,"minecraft:crafting_table":18,"minecraft:wheat":3,"minecraft:azure_bluet":8,"minecraft:leather_leggings":1,"minecraft:wooden_pickaxe":4,"minecraft:pink_wool":5,"minecraft:oak_stairs":5,"minecraft:stripped_cherry_log":11,"minecraft:cornflower":101,"minecraft:oak_trapdoor":4,"minecraft:string":14,"jet_and_elias_armors:red_mercenary_heavy_leggings":2,"biomesoplenty:fir_planks":300,"minecraft:beef":13,"minecraft:poppy":78,"minecraft:iron_pickaxe":7,"minecraft:light_gray_wool":4,"minecraft:furnace":8,"minecraft:iron_boots":1,"minecraft:egg":8,"minecraft:golden_helmet":3,"minecraft:stick":328,"minecraft:raw_iron":24,"minecraft:cherry_stairs":32,"minecraft:composter":1,"minecraft:torch":107,"jet_and_elias_armors:gladiator_armor_boots":2,"minecraft:porkchop":6,"minecraft:cherry_log":300,"quark:birch_chest":2,"tombstone:grave_dust":1,"minecraft:carrot":5,"minecraft:stone_shovel":5,"minecraft:arrow":123,"minecraft:rotten_flesh":33,"minecraft:shears":4,"minecraft:mutton":24,"minecraft:stripped_oak_log":2,"minecraft:white_wool":115,"minecraft:cobblestone":142,"minecraft:oxeye_daisy":108,"minecraft:birch_log":80,"minecraft:pink_petals":158,"minecraft:cooked_beef":5,"minecraft:cherry_planks":292,"minecraft:cherry_leaves":187,"minecraft:andesite":20,"minecraft:leather":12,"minecraft:birch_planks":780,"biomesoplenty:fir_log":28,"minecraft:oak_log":188,"minecraft:chainmail_chestplate":1,"minecraft:cherry_fence":4,"minecraft:wooden_hoe":1,"minecraft:cherry_door":15,"minecraft:dirt":355,"tombstone:gift":1,"minecraft:white_banner":1,"minecraft:cooked_mutton":6,"minecraft:bone":76,"jet_and_elias_armors:japanese_footsoldier_chestplate":3,"minecraft:apple":11,"minecraft:bow":8,"minecraft:wheat_seeds":116,"minecraft:iron_ingot":15,"minecraft:stone_pickaxe":13,"jet_and_elias_armors:pink_mercenary_heavy_chestplate":3,"minecraft:oak_planks":6,"biomesoplenty:toadstool":10,"minecraft:oak_slab":3,"quark:red_corundum_cluster":5,"minecraft:red_wool":3,"minecraft:dandelion":58,"minecraft:spyglass":1,"sophisticatedbackpacks:iron_backpack":2,"minecraft:white_bed":4,"minecraft:spider_eye":2,"jet_and_elias_armors:pink_mercenary_heavy_helmet":2,"minecraft:stone_axe":6,"minecraft:iron_helmet":1,"minecraft:crossbow":6,"minecraft:cherry_sapling":89,"minecraft:bread":74,"minecraft:cherry_slab":14,"minecraft:oak_sapling":30,"minecraft:black_wool":4,"minecraft:coal":95,"minecraft:oak_leaves":50},"minecraft:used":{"minecraft:cherry_sapling":73,"quark:birch_chest":3,"minecraft:stone_shovel":110,"minecraft:poppy":7,"minecraft:stone_hoe":131,"minecraft:rotten_flesh":6,"minecraft:torch":58,"minecraft:dirt":469,"minecraft:spyglass":10,"minecraft:carrot":6,"minecraft:azure_bluet":2,"minecraft:wooden_axe":236,"minecraft:lantern":4,"minecraft:iron_axe":2,"minecraft:oak_stairs":27,"minecraft:cherry_slab":16,"minecraft:cherry_leaves":21,"minecraft:oak_sapling":28,"minecraft:furnace":4,"tombstone:gift":4,"minecraft:cooked_beef":9,"minecraft:cherry_fence":19,"minecraft:cherry_log":75,"minecraft:wheat_seeds":7,"minecraft:cooked_mutton":9,"minecraft:birch_planks":107,"minecraft:stone_pickaxe":228,"minecraft:wooden_pickaxe":51,"minecraft:cherry_planks":403,"minecraft:oak_slab":56,"minecraft:crafting_table":11,"minecraft:red_bed":1,"minecraft:crossbow":4,"minecraft:white_bed":5,"minecraft:shears":202,"minecraft:oak_log":119,"minecraft:apple":4,"minecraft:oxeye_daisy":2,"minecraft:cherry_door":4,"minecraft:bread":14,"minecraft:iron_pickaxe":160,"minecraft:stone_axe":636,"minecraft:pink_petals":156,"minecraft:cobblestone":10,"minecraft:cherry_stairs":56,"minecraft:white_banner":1,"minecraft:cooked_porkchop":2,"minecraft:andesite":9,"minecraft:stripped_cherry_log":8,"minecraft:bone_meal":9,"minecraft:dandelion":9},"minecraft:killed":{"minecraft:spider":3,"minecraft:skeleton":4,"minecraft:horse":1,"minecraft:pig":2,"minecraft:sheep":8,"minecraft:pillager":1,"minecraft:zombie":7,"minecraft:cow":4}},"DataVersion":3465}