{"stats":{"minecraft:custom":{"minecraft:time_since_rest":11808,"minecraft:crouch_one_cm":70,"minecraft:play_time":11808,"minecraft:sprint_one_cm":10361,"minecraft:damage_taken":30,"minecraft:walk_one_cm":18094,"minecraft:sneak_time":10,"minecraft:jump":47,"minecraft:time_since_death":11808,"minecraft:total_world_time":11808,"minecraft:interact_with_crafting_table":1,"minecraft:fly_one_cm":4407,"minecraft:fall_one_cm":987},"minecraft:mined":{"minecraft:grass":11,"minecraft:poppy":8,"biomesoplenty:toadstool":2,"minecraft:dandelion":3,"minecraft:oxeye_daisy":11,"biomesoplenty:fir_log":9,"minecraft:fern":27,"minecraft:cornflower":8},"minecraft:picked_up":{"biomesoplenty:toadstool":2,"minecraft:wheat_seeds":6,"minecraft:dandelion":3,"biomesoplenty:fir_log":9,"minecraft:poppy":7,"minecraft:cornflower":8,"minecraft:cobblestone":4,"minecraft:oxeye_daisy":11}},"DataVersion":3465}