{"stats":{"minecraft:killed_by":{"minecraft:player":1,"minecraft:skeleton":6,"minecraft:zombie":3,"minecraft:pillager":1,"minecraft:drowned":1},"minecraft:dropped":{"minecraft:rotten_flesh":2,"minecraft:stick":1,"minecraft:stone_pickaxe":1},"minecraft:mined":{"minecraft:oak_sapling":1,"minecraft:cherry_planks":29,"quark:yellow_blossom_leaves":13,"minecraft:cherry_log":58,"minecraft:cherry_sapling":8,"minecraft:stripped_cherry_log":2,"minecraft:dandelion":20,"minecraft:crafting_table":7,"minecraft:cornflower":11,"minecraft:grass_block":35,"minecraft:poppy":14,"minecraft:tall_grass":19,"minecraft:oxeye_daisy":16,"minecraft:wall_torch":1,"minecraft:pink_petals":50,"minecraft:furnace":1,"biomesoplenty:toadstool":5,"minecraft:birch_log":42,"biomesoplenty:yellow_autumn_leaves":1,"biomesoplenty:fir_log":12,"minecraft:azure_bluet":1,"minecraft:grass":154,"minecraft:coal_ore":28,"minecraft:oak_log":55,"minecraft:cherry_leaves":448,"minecraft:stripped_oak_log":1,"minecraft:dirt":38,"minecraft:cherry_stairs":6,"minecraft:stone":25,"minecraft:oak_leaves":71,"minecraft:fern":45},"minecraft:used":{"minecraft:cooked_mutton":8,"minecraft:cherry_sapling":45,"minecraft:stone_shovel":36,"minecraft:stone_pickaxe":162,"minecraft:cherry_planks":137,"minecraft:stone_hoe":131,"minecraft:rotten_flesh":2,"minecraft:torch":3,"minecraft:dirt":69,"minecraft:crafting_table":8,"minecraft:carrot":1,"minecraft:crossbow":1,"minecraft:oak_log":38,"minecraft:bread":1,"minecraft:iron_pickaxe":94,"minecraft:stone_axe":269,"minecraft:pink_petals":128,"minecraft:cobblestone":7,"minecraft:cherry_stairs":29,"minecraft:white_banner":1,"minecraft:furnace":1,"minecraft:oak_sapling":14,"minecraft:cooked_porkchop":2,"minecraft:bone_meal":9,"minecraft:cooked_beef":9,"minecraft:dandelion":1,"minecraft:stripped_cherry_log":1,"minecraft:cherry_log":2},"minecraft:killed":{"minecraft:pig":2,"minecraft:spider":1,"minecraft:sheep":6,"minecraft:horse":1,"minecraft:skeleton":4,"minecraft:pillager":1,"minecraft:zombie":1,"minecraft:cow":4},"minecraft:custom":{"minecraft:interact_with_furnace":13,"minecraft:mob_kills":23,"minecraft:interact_with_crafting_table":22,"minecraft:time_since_death":29635,"minecraft:sleep_in_bed":8,"minecraft:time_since_rest":10859,"minecraft:sprint_one_cm":391351,"minecraft:damage_taken":4448,"minecraft:walk_one_cm":470226,"minecraft:drop":3,"minecraft:damage_dealt":2601,"minecraft:swim_one_cm":8321,"minecraft:fly_one_cm":302333,"minecraft:open_chest":3,"minecraft:crouch_one_cm":1371,"minecraft:play_time":163866,"minecraft:deaths":12,"minecraft:sneak_time":169,"minecraft:walk_under_water_one_cm":1306,"minecraft:jump":1785,"minecraft:walk_on_water_one_cm":10860,"minecraft:total_world_time":163866,"minecraft:fall_one_cm":40560,"minecraft:horse_one_cm":21377},"minecraft:picked_up":{"minecraft:birch_log":80,"minecraft:pink_petals":130,"minecraft:crafting_table":13,"minecraft:azure_bluet":5,"minecraft:cooked_beef":5,"minecraft:cherry_planks":169,"minecraft:leather":12,"minecraft:wooden_pickaxe":2,"minecraft:birch_planks":160,"biomesoplenty:fir_log":28,"minecraft:stripped_cherry_log":3,"minecraft:oak_log":74,"minecraft:cornflower":85,"minecraft:string":9,"minecraft:cherry_door":3,"minecraft:dirt":135,"minecraft:white_banner":1,"minecraft:cooked_mutton":6,"minecraft:bone":20,"jet_and_elias_armors:japanese_footsoldier_chestplate":3,"minecraft:apple":1,"minecraft:bow":3,"minecraft:wheat_seeds":92,"biomesoplenty:fir_planks":264,"minecraft:stone_pickaxe":10,"minecraft:iron_ingot":2,"minecraft:beef":13,"minecraft:poppy":58,"minecraft:iron_pickaxe":4,"minecraft:light_gray_wool":3,"minecraft:egg":8,"minecraft:furnace":4,"biomesoplenty:toadstool":10,"minecraft:stick":165,"minecraft:cherry_stairs":6,"minecraft:torch":19,"minecraft:dandelion":49,"minecraft:porkchop":6,"minecraft:cherry_log":129,"minecraft:carrot":1,"minecraft:spider_eye":2,"minecraft:arrow":53,"minecraft:stone_shovel":1,"minecraft:rotten_flesh":4,"minecraft:stone_axe":6,"minecraft:crossbow":1,"minecraft:cherry_sapling":51,"minecraft:stripped_oak_log":1,"minecraft:bread":33,"minecraft:black_wool":3,"minecraft:oak_sapling":16,"minecraft:mutton":21,"minecraft:oxeye_daisy":98,"minecraft:coal":41,"minecraft:white_wool":40,"minecraft:cobblestone":82},"minecraft:crafted":{"minecraft:cooked_beef":5,"minecraft:cherry_planks":176,"minecraft:stone_shovel":1,"minecraft:cooked_porkchop":3,"minecraft:crafting_table":2,"minecraft:furnace":1,"minecraft:bone_meal":9,"minecraft:birch_planks":160,"minecraft:stone_axe":3,"minecraft:cooked_mutton":9,"biomesoplenty:fir_planks":48,"minecraft:stick":8,"minecraft:cherry_stairs":22,"minecraft:stone_pickaxe":1,"minecraft:cherry_door":3,"minecraft:stone_hoe":1},"minecraft:broken":{"minecraft:stone_pickaxe":2,"minecraft:stone_axe":2,"minecraft:stone_hoe":1}},"DataVersion":3465}