{"stats":{"minecraft:broken":{"minecraft:golden_helmet":1,"minecraft:stone_hoe":1,"minecraft:stone_pickaxe":2,"minecraft:chainmail_chestplate":1,"minecraft:stone_axe":2,"minecraft:iron_pickaxe":1,"minecraft:wooden_axe":4},"minecraft:used":{"minecraft:cherry_sapling":58,"quark:birch_chest":3,"minecraft:stone_shovel":110,"minecraft:poppy":6,"minecraft:stone_hoe":131,"minecraft:rotten_flesh":2,"minecraft:torch":58,"minecraft:dirt":467,"minecraft:spyglass":10,"minecraft:carrot":2,"minecraft:wooden_axe":236,"minecraft:lantern":4,"minecraft:oak_stairs":27,"minecraft:cherry_slab":16,"minecraft:cherry_leaves":17,"minecraft:oak_sapling":28,"minecraft:furnace":3,"minecraft:cooked_beef":9,"minecraft:cherry_fence":15,"minecraft:cherry_log":2,"minecraft:cooked_mutton":9,"minecraft:birch_planks":104,"minecraft:stone_pickaxe":217,"minecraft:wooden_pickaxe":51,"minecraft:cherry_planks":388,"minecraft:oak_slab":56,"minecraft:crafting_table":11,"minecraft:crossbow":4,"minecraft:white_bed":4,"minecraft:shears":152,"minecraft:oak_log":119,"minecraft:apple":2,"minecraft:cherry_door":3,"minecraft:bread":14,"minecraft:iron_pickaxe":160,"minecraft:stone_axe":352,"minecraft:pink_petals":149,"minecraft:cobblestone":7,"minecraft:cherry_stairs":41,"minecraft:white_banner":1,"minecraft:cooked_porkchop":2,"minecraft:andesite":9,"minecraft:stripped_cherry_log":1,"minecraft:dandelion":1,"minecraft:bone_meal":9},"minecraft:dropped":{"minecraft:bread":3,"jet_and_elias_armors:japanese_footsoldier_chestplate":1,"minecraft:stick":1,"minecraft:oak_stairs":1,"minecraft:rotten_flesh":6,"minecraft:stone_pickaxe":1},"minecraft:killed_by":{"minecraft:player":1,"minecraft:creeper":4,"minecraft:spider":1,"minecraft:pillager":1,"minecraft:drowned":2,"minecraft:skeleton":7,"minecraft:zombie":7},"minecraft:killed":{"minecraft:spider":3,"minecraft:skeleton":4,"minecraft:horse":1,"minecraft:pig":2,"minecraft:sheep":6,"minecraft:pillager":1,"minecraft:zombie":3,"minecraft:cow":4},"minecraft:mined":{"minecraft:white_bed":1,"minecraft:oak_sapling":1,"quark:yellow_blossom_leaves":13,"minecraft:cherry_log":117,"minecraft:cherry_sapling":11,"minecraft:stripped_cherry_log":3,"minecraft:grass_block":84,"minecraft:oxeye_daisy":16,"minecraft:oak_trapdoor":4,"minecraft:furnace":2,"biomesoplenty:toadstool":5,"minecraft:iron_ore":12,"minecraft:andesite":10,"minecraft:azure_bluet":1,"minecraft:dirt_path":1,"minecraft:oak_stairs":4,"minecraft:stripped_oak_log":1,"minecraft:stone":45,"minecraft:cherry_stairs":14,"minecraft:oak_slab":5,"minecraft:cherry_planks":61,"minecraft:dandelion":20,"minecraft:crafting_table":9,"minecraft:cornflower":11,"minecraft:torch":3,"minecraft:poppy":14,"minecraft:tall_grass":20,"minecraft:oak_planks":6,"minecraft:wall_torch":5,"minecraft:cherry_slab":10,"minecraft:pink_petals":60,"minecraft:birch_planks":6,"biomesoplenty:yellow_autumn_leaves":1,"minecraft:birch_log":42,"biomesoplenty:fir_log":12,"quark:birch_chest":1,"minecraft:grass":188,"minecraft:coal_ore":46,"minecraft:oak_log":106,"minecraft:cherry_leaves":617,"minecraft:sand":1,"minecraft:dirt":84,"minecraft:oak_leaves":118,"minecraft:fern":45},"minecraft:crafted":{"minecraft:cherry_planks":404,"minecraft:oak_planks":60,"minecraft:stone_shovel":1,"quark:birch_chest":1,"minecraft:iron_nugget":45,"minecraft:cherry_slab":12,"minecraft:furnace":2,"minecraft:bone_meal":9,"minecraft:cooked_mutton":9,"minecraft:lantern":5,"minecraft:cherry_stairs":26,"minecraft:stone_pickaxe":3,"minecraft:stone_hoe":1,"minecraft:cherry_fence":18,"minecraft:cooked_beef":5,"minecraft:oak_slab":54,"minecraft:cooked_porkchop":3,"minecraft:crafting_table":3,"minecraft:wooden_pickaxe":1,"minecraft:birch_planks":160,"minecraft:stone_axe":5,"biomesoplenty:fir_planks":48,"minecraft:wooden_hoe":1,"minecraft:stick":24,"minecraft:oak_stairs":24,"minecraft:wooden_axe":4,"minecraft:cherry_door":3,"minecraft:white_bed":2,"minecraft:torch":60,"minecraft:shears":1},"minecraft:picked_up":{"minecraft:wooden_axe":5,"minecraft:crafting_table":17,"minecraft:azure_bluet":6,"minecraft:leather_leggings":1,"minecraft:wooden_pickaxe":4,"minecraft:pink_wool":4,"minecraft:oak_stairs":5,"minecraft:stripped_cherry_log":4,"minecraft:cornflower":96,"minecraft:oak_trapdoor":4,"minecraft:string":14,"jet_and_elias_armors:red_mercenary_heavy_leggings":1,"biomesoplenty:fir_planks":300,"minecraft:beef":13,"minecraft:poppy":76,"minecraft:iron_pickaxe":7,"minecraft:light_gray_wool":4,"minecraft:furnace":8,"minecraft:iron_boots":1,"minecraft:egg":8,"minecraft:golden_helmet":3,"minecraft:stick":315,"minecraft:raw_iron":24,"minecraft:cherry_stairs":27,"minecraft:torch":103,"jet_and_elias_armors:gladiator_armor_boots":1,"minecraft:porkchop":6,"minecraft:cherry_log":213,"quark:birch_chest":2,"minecraft:carrot":2,"minecraft:arrow":120,"minecraft:rotten_flesh":27,"minecraft:stone_shovel":5,"minecraft:shears":4,"minecraft:mutton":21,"minecraft:cobblestone":138,"minecraft:white_wool":112,"minecraft:oxeye_daisy":106,"minecraft:stripped_oak_log":2,"minecraft:birch_log":80,"minecraft:pink_petals":152,"minecraft:cooked_beef":5,"minecraft:cherry_planks":212,"minecraft:cherry_leaves":187,"minecraft:andesite":20,"minecraft:leather":12,"minecraft:birch_planks":777,"biomesoplenty:fir_log":28,"minecraft:oak_log":183,"minecraft:chainmail_chestplate":1,"minecraft:cherry_fence":3,"minecraft:cherry_door":15,"minecraft:dirt":298,"minecraft:white_banner":1,"minecraft:cooked_mutton":6,"minecraft:bone":76,"jet_and_elias_armors:japanese_footsoldier_chestplate":3,"minecraft:apple":11,"minecraft:bow":8,"minecraft:wheat_seeds":108,"minecraft:iron_ingot":15,"minecraft:stone_pickaxe":12,"jet_and_elias_armors:pink_mercenary_heavy_chestplate":1,"minecraft:oak_planks":6,"biomesoplenty:toadstool":10,"minecraft:oak_slab":3,"minecraft:dandelion":49,"minecraft:spyglass":1,"sophisticatedbackpacks:iron_backpack":1,"minecraft:white_bed":2,"minecraft:spider_eye":2,"jet_and_elias_armors:pink_mercenary_heavy_helmet":1,"minecraft:stone_axe":6,"minecraft:iron_helmet":1,"minecraft:crossbow":6,"minecraft:cherry_sapling":74,"minecraft:bread":74,"minecraft:cherry_slab":14,"minecraft:oak_sapling":30,"minecraft:black_wool":4,"minecraft:coal":95},"minecraft:custom":{"minecraft:mob_kills":28,"minecraft:interact_with_crafting_table":52,"minecraft:leave_game":3,"minecraft:time_since_death":54140,"minecraft:sprint_one_cm":641809,"minecraft:walk_one_cm":1006248,"minecraft:drop":7,"minecraft:play_time":326227,"minecraft:deaths":23,"minecraft:sneak_time":277,"minecraft:walk_under_water_one_cm":1582,"minecraft:jump":2800,"minecraft:walk_on_water_one_cm":12234,"minecraft:total_world_time":326227,"minecraft:interact_with_furnace":26,"minecraft:sleep_in_bed":17,"minecraft:time_since_rest":2857,"minecraft:damage_taken":8921,"minecraft:damage_dealt":3774,"minecraft:swim_one_cm":8321,"minecraft:fly_one_cm":449733,"minecraft:open_chest":21,"minecraft:crouch_one_cm":1904,"minecraft:fall_one_cm":65586,"minecraft:horse_one_cm":24597}},"DataVersion":3465}