{"stats":{"minecraft:crafted":{"minecraft:cherry_planks":404,"minecraft:oak_planks":60,"minecraft:stone_shovel":1,"minecraft:fishing_rod":1,"quark:birch_chest":1,"minecraft:iron_nugget":45,"minecraft:cherry_slab":12,"minecraft:furnace":2,"minecraft:bone_meal":9,"minecraft:cooked_mutton":9,"minecraft:lantern":5,"minecraft:cherry_stairs":26,"minecraft:stone_pickaxe":3,"minecraft:stone_hoe":1,"minecraft:cherry_fence":18,"minecraft:cooked_beef":5,"minecraft:oak_slab":54,"minecraft:cooked_porkchop":3,"minecraft:crafting_table":3,"minecraft:wooden_pickaxe":1,"minecraft:birch_planks":160,"minecraft:stone_axe":5,"biomesoplenty:fir_planks":48,"minecraft:wooden_hoe":1,"minecraft:stick":24,"minecraft:oak_stairs":24,"minecraft:wooden_axe":4,"minecraft:cherry_door":3,"minecraft:white_bed":2,"minecraft:torch":60,"minecraft:shears":1,"minecraft:carrot_on_a_stick":1},"minecraft:broken":{"minecraft:golden_helmet":1,"minecraft:stone_hoe":1,"minecraft:stone_pickaxe":2,"minecraft:chainmail_chestplate":1,"minecraft:stone_axe":3,"minecraft:iron_pickaxe":1,"minecraft:wooden_axe":4},"minecraft:mined":{"minecraft:white_bed":1,"minecraft:oak_sapling":1,"quark:yellow_blossom_leaves":13,"minecraft:cherry_log":158,"minecraft:cherry_sapling":11,"minecraft:stripped_cherry_log":10,"minecraft:grass_block":114,"minecraft:composter":1,"minecraft:oxeye_daisy":16,"minecraft:oak_trapdoor":4,"minecraft:furnace":2,"minecraft:carrots":1,"biomesoplenty:toadstool":5,"minecraft:iron_ore":12,"minecraft:andesite":10,"minecraft:azure_bluet":1,"minecraft:dirt_path":1,"minecraft:oak_stairs":4,"minecraft:stripped_oak_log":1,"minecraft:stone":46,"minecraft:cherry_stairs":14,"quark:red_corundum_cluster":5,"minecraft:oak_slab":5,"minecraft:cherry_planks":61,"minecraft:dandelion":20,"minecraft:crafting_table":9,"minecraft:cornflower":11,"minecraft:torch":3,"minecraft:poppy":14,"minecraft:tall_grass":20,"minecraft:oak_planks":6,"minecraft:wall_torch":5,"minecraft:cherry_slab":10,"minecraft:pink_petals":60,"minecraft:birch_planks":16,"minecraft:birch_log":42,"biomesoplenty:yellow_autumn_leaves":1,"minecraft:wheat":4,"biomesoplenty:fir_log":12,"minecraft:grass":188,"quark:birch_chest":1,"minecraft:coal_ore":46,"minecraft:oak_log":111,"minecraft:cherry_leaves":628,"minecraft:sand":1,"minecraft:dirt":84,"minecraft:fern":45,"minecraft:oak_leaves":169},"minecraft:killed_by":{"minecraft:player":1,"minecraft:creeper":4,"minecraft:spider":1,"minecraft:pillager":1,"minecraft:drowned":2,"minecraft:skeleton":7,"minecraft:zombie":7},"minecraft:custom":{"minecraft:mob_kills":31,"minecraft:interact_with_crafting_table":55,"minecraft:leave_game":6,"minecraft:time_since_death":89412,"minecraft:sprint_one_cm":684074,"minecraft:walk_one_cm":1094107,"minecraft:drop":8,"minecraft:play_time":361499,"minecraft:deaths":23,"minecraft:sneak_time":284,"minecraft:walk_under_water_one_cm":1582,"minecraft:jump":2953,"minecraft:walk_on_water_one_cm":13190,"minecraft:total_world_time":361499,"minecraft:interact_with_furnace":34,"minecraft:sleep_in_bed":19,"minecraft:time_since_rest":2960,"minecraft:damage_taken":8977,"minecraft:damage_dealt":4380,"minecraft:swim_one_cm":8321,"minecraft:fly_one_cm":469666,"minecraft:open_chest":22,"minecraft:crouch_one_cm":1970,"tombstone:undead_killed":3,"minecraft:fall_one_cm":67049,"minecraft:horse_one_cm":24597},"minecraft:dropped":{"minecraft:bread":3,"jet_and_elias_armors:japanese_footsoldier_chestplate":1,"minecraft:stick":1,"minecraft:oak_stairs":1,"minecraft:rotten_flesh":6,"minecraft:arrow":3,"minecraft:stone_pickaxe":1},"minecraft:picked_up":{"minecraft:wooden_axe":5,"minecraft:crafting_table":17,"minecraft:wheat":3,"minecraft:azure_bluet":6,"minecraft:leather_leggings":1,"minecraft:wooden_pickaxe":4,"minecraft:pink_wool":5,"minecraft:oak_stairs":5,"minecraft:stripped_cherry_log":11,"minecraft:cornflower":96,"minecraft:oak_trapdoor":4,"minecraft:string":14,"jet_and_elias_armors:red_mercenary_heavy_leggings":1,"biomesoplenty:fir_planks":300,"minecraft:beef":13,"minecraft:poppy":76,"minecraft:iron_pickaxe":7,"minecraft:light_gray_wool":4,"minecraft:furnace":8,"minecraft:iron_boots":1,"minecraft:egg":8,"minecraft:golden_helmet":3,"minecraft:stick":315,"minecraft:raw_iron":24,"minecraft:cherry_stairs":27,"minecraft:composter":1,"minecraft:torch":105,"jet_and_elias_armors:gladiator_armor_boots":1,"minecraft:porkchop":6,"minecraft:cherry_log":254,"quark:birch_chest":2,"tombstone:grave_dust":1,"minecraft:carrot":5,"minecraft:arrow":123,"minecraft:rotten_flesh":31,"minecraft:stone_shovel":5,"minecraft:shears":4,"minecraft:mutton":21,"minecraft:cobblestone":139,"minecraft:white_wool":114,"minecraft:oxeye_daisy":106,"minecraft:stripped_oak_log":2,"minecraft:birch_log":80,"minecraft:pink_petals":152,"minecraft:cooked_beef":5,"minecraft:cherry_planks":212,"minecraft:cherry_leaves":187,"minecraft:andesite":20,"minecraft:leather":12,"minecraft:birch_planks":779,"biomesoplenty:fir_log":28,"minecraft:oak_log":188,"minecraft:chainmail_chestplate":1,"minecraft:cherry_fence":3,"minecraft:cherry_door":15,"minecraft:dirt":325,"minecraft:white_banner":1,"minecraft:cooked_mutton":6,"minecraft:bone":76,"jet_and_elias_armors:japanese_footsoldier_chestplate":3,"minecraft:apple":11,"minecraft:bow":8,"minecraft:wheat_seeds":115,"minecraft:iron_ingot":15,"minecraft:stone_pickaxe":12,"jet_and_elias_armors:pink_mercenary_heavy_chestplate":1,"minecraft:oak_planks":6,"biomesoplenty:toadstool":10,"minecraft:oak_slab":3,"quark:red_corundum_cluster":5,"minecraft:dandelion":49,"minecraft:spyglass":1,"sophisticatedbackpacks:iron_backpack":1,"minecraft:white_bed":2,"minecraft:spider_eye":2,"jet_and_elias_armors:pink_mercenary_heavy_helmet":1,"minecraft:stone_axe":6,"minecraft:iron_helmet":1,"minecraft:crossbow":6,"minecraft:cherry_sapling":74,"minecraft:bread":74,"minecraft:cherry_slab":14,"minecraft:oak_sapling":30,"minecraft:black_wool":4,"minecraft:coal":95,"minecraft:oak_leaves":50},"minecraft:used":{"minecraft:cherry_sapling":58,"quark:birch_chest":3,"minecraft:stone_shovel":110,"minecraft:poppy":6,"minecraft:stone_hoe":131,"minecraft:rotten_flesh":6,"minecraft:torch":58,"minecraft:dirt":467,"minecraft:spyglass":10,"minecraft:carrot":6,"minecraft:wooden_axe":236,"minecraft:lantern":4,"minecraft:oak_stairs":27,"minecraft:cherry_slab":16,"minecraft:cherry_leaves":20,"minecraft:furnace":3,"minecraft:oak_sapling":28,"minecraft:cooked_beef":9,"minecraft:cherry_fence":15,"minecraft:cherry_log":48,"minecraft:wheat_seeds":7,"minecraft:cooked_mutton":9,"minecraft:birch_planks":104,"minecraft:stone_pickaxe":225,"minecraft:wooden_pickaxe":51,"minecraft:cherry_planks":388,"minecraft:oak_slab":56,"minecraft:crafting_table":11,"minecraft:crossbow":4,"minecraft:white_bed":4,"minecraft:shears":202,"minecraft:oak_log":119,"minecraft:apple":2,"minecraft:cherry_door":3,"minecraft:bread":14,"minecraft:iron_pickaxe":160,"minecraft:stone_axe":503,"minecraft:pink_petals":150,"minecraft:cobblestone":7,"minecraft:cherry_stairs":41,"minecraft:white_banner":1,"minecraft:cooked_porkchop":2,"minecraft:andesite":9,"minecraft:stripped_cherry_log":8,"minecraft:bone_meal":9,"minecraft:dandelion":1},"minecraft:killed":{"minecraft:spider":3,"minecraft:skeleton":4,"minecraft:horse":1,"minecraft:pig":2,"minecraft:sheep":6,"minecraft:pillager":1,"minecraft:zombie":6,"minecraft:cow":4}},"DataVersion":3465}