{"stats":{"minecraft:killed_by":{"minecraft:player":1,"minecraft:creeper":2,"minecraft:pillager":1,"minecraft:drowned":1,"minecraft:skeleton":7,"minecraft:zombie":7},"minecraft:dropped":{"jet_and_elias_armors:japanese_footsoldier_chestplate":1,"minecraft:stick":1,"minecraft:rotten_flesh":6,"minecraft:stone_pickaxe":1},"minecraft:mined":{"minecraft:white_bed":1,"minecraft:oak_sapling":1,"quark:yellow_blossom_leaves":13,"minecraft:cherry_log":74,"minecraft:cherry_sapling":10,"minecraft:stripped_cherry_log":2,"minecraft:grass_block":66,"minecraft:oxeye_daisy":16,"minecraft:furnace":1,"biomesoplenty:toadstool":5,"minecraft:azure_bluet":1,"minecraft:dirt_path":1,"minecraft:stripped_oak_log":1,"minecraft:stone":25,"minecraft:cherry_stairs":10,"minecraft:cherry_planks":49,"minecraft:dandelion":20,"minecraft:crafting_table":8,"minecraft:cornflower":11,"minecraft:torch":1,"minecraft:poppy":14,"minecraft:tall_grass":20,"minecraft:wall_torch":5,"minecraft:pink_petals":50,"biomesoplenty:yellow_autumn_leaves":1,"minecraft:birch_log":42,"biomesoplenty:fir_log":12,"minecraft:grass":178,"minecraft:coal_ore":28,"minecraft:oak_log":96,"minecraft:cherry_leaves":472,"minecraft:sand":1,"minecraft:dirt":48,"minecraft:oak_leaves":114,"minecraft:fern":45},"minecraft:used":{"minecraft:cherry_sapling":53,"minecraft:stone_shovel":110,"minecraft:poppy":6,"minecraft:stone_hoe":131,"minecraft:rotten_flesh":2,"minecraft:torch":9,"minecraft:dirt":395,"minecraft:carrot":2,"minecraft:wooden_axe":89,"minecraft:oak_sapling":28,"minecraft:furnace":2,"minecraft:cooked_beef":9,"minecraft:cherry_log":2,"minecraft:cooked_mutton":9,"minecraft:birch_planks":20,"minecraft:stone_pickaxe":162,"minecraft:cherry_planks":289,"minecraft:crafting_table":9,"minecraft:crossbow":4,"minecraft:white_bed":1,"minecraft:shears":19,"minecraft:oak_log":76,"minecraft:apple":2,"minecraft:bread":10,"minecraft:iron_pickaxe":158,"minecraft:stone_axe":269,"minecraft:pink_petals":128,"minecraft:cobblestone":7,"minecraft:cherry_stairs":35,"minecraft:white_banner":1,"minecraft:cooked_porkchop":2,"minecraft:stripped_cherry_log":1,"minecraft:dandelion":1,"minecraft:bone_meal":9},"minecraft:killed":{"minecraft:spider":2,"minecraft:horse":1,"minecraft:skeleton":4,"minecraft:pig":2,"minecraft:sheep":6,"minecraft:pillager":1,"minecraft:zombie":3,"minecraft:cow":4},"minecraft:custom":{"minecraft:mob_kills":27,"minecraft:interact_with_crafting_table":28,"minecraft:leave_game":1,"minecraft:time_since_death":18287,"minecraft:sprint_one_cm":510117,"minecraft:walk_one_cm":722007,"minecraft:drop":5,"minecraft:play_time":221519,"minecraft:deaths":19,"minecraft:sneak_time":232,"minecraft:walk_under_water_one_cm":1582,"minecraft:jump":2229,"minecraft:walk_on_water_one_cm":12234,"minecraft:total_world_time":221519,"minecraft:interact_with_furnace":24,"minecraft:sleep_in_bed":12,"minecraft:time_since_rest":8847,"minecraft:damage_taken":7319,"minecraft:damage_dealt":3469,"minecraft:swim_one_cm":8321,"minecraft:fly_one_cm":362028,"minecraft:open_chest":11,"minecraft:crouch_one_cm":1822,"minecraft:fall_one_cm":50268,"minecraft:horse_one_cm":21377},"minecraft:picked_up":{"minecraft:wooden_axe":1,"minecraft:crafting_table":14,"minecraft:azure_bluet":6,"minecraft:wooden_pickaxe":2,"minecraft:stripped_cherry_log":3,"minecraft:cornflower":96,"minecraft:string":10,"biomesoplenty:fir_planks":300,"minecraft:beef":13,"minecraft:poppy":76,"minecraft:iron_pickaxe":7,"minecraft:light_gray_wool":4,"minecraft:furnace":7,"minecraft:egg":8,"minecraft:golden_helmet":3,"minecraft:stick":285,"minecraft:cherry_stairs":17,"minecraft:torch":29,"minecraft:porkchop":6,"minecraft:cherry_log":160,"minecraft:carrot":2,"minecraft:rotten_flesh":21,"minecraft:arrow":102,"minecraft:stone_shovel":4,"minecraft:shears":2,"minecraft:mutton":21,"minecraft:cobblestone":88,"minecraft:white_wool":76,"minecraft:oxeye_daisy":106,"minecraft:stripped_oak_log":2,"minecraft:birch_log":80,"minecraft:pink_petals":130,"minecraft:cooked_beef":5,"minecraft:cherry_planks":195,"minecraft:cherry_leaves":16,"minecraft:leather":12,"minecraft:birch_planks":611,"biomesoplenty:fir_log":28,"minecraft:oak_log":124,"minecraft:chainmail_chestplate":1,"minecraft:cherry_door":12,"minecraft:dirt":224,"minecraft:white_banner":1,"minecraft:cooked_mutton":6,"minecraft:bone":58,"jet_and_elias_armors:japanese_footsoldier_chestplate":3,"minecraft:apple":7,"minecraft:bow":6,"minecraft:wheat_seeds":98,"minecraft:iron_ingot":3,"minecraft:stone_pickaxe":10,"biomesoplenty:toadstool":10,"minecraft:dandelion":49,"minecraft:white_bed":1,"minecraft:spider_eye":2,"minecraft:stone_axe":6,"minecraft:crossbow":4,"minecraft:cherry_sapling":64,"minecraft:bread":61,"minecraft:oak_sapling":30,"minecraft:black_wool":4,"minecraft:coal":41},"minecraft:crafted":{"minecraft:cherry_planks":288,"minecraft:stone_shovel":1,"minecraft:iron_nugget":9,"minecraft:furnace":1,"minecraft:bone_meal":9,"minecraft:cooked_mutton":9,"minecraft:lantern":1,"minecraft:cherry_stairs":26,"minecraft:stone_pickaxe":1,"minecraft:stone_hoe":1,"minecraft:cooked_beef":5,"minecraft:cooked_porkchop":3,"minecraft:crafting_table":2,"minecraft:wooden_pickaxe":1,"minecraft:birch_planks":160,"minecraft:stone_axe":3,"biomesoplenty:fir_planks":48,"minecraft:stick":8,"minecraft:wooden_axe":3,"minecraft:cherry_door":3,"minecraft:torch":48,"minecraft:shears":1},"minecraft:broken":{"minecraft:golden_helmet":1,"minecraft:stone_hoe":1,"minecraft:stone_pickaxe":2,"minecraft:chainmail_chestplate":1,"minecraft:stone_axe":2,"minecraft:wooden_axe":1}},"DataVersion":3465}