{"stats":{"minecraft:killed":{"minecraft:spider":6,"minecraft:skeleton":5,"minecraft:horse":1,"gnumus:gnumus_hunter":1,"minecraft:pig":2,"minecraft:hoglin":1,"minecraft:sheep":9,"minecraft:pillager":1,"minecraft:zombie":13,"minecraft:cow":4},"minecraft:used":{"minecraft:cherry_sapling":73,"jet_and_elias_armors:wokou_armor_helmet":1,"quark:birch_chest":3,"minecraft:stone_shovel":146,"minecraft:poppy":10,"minecraft:stone_hoe":131,"minecraft:rotten_flesh":9,"minecraft:torch":104,"minecraft:dirt":597,"minecraft:spyglass":10,"minecraft:carrot":6,"minecraft:azure_bluet":9,"minecraft:glass":14,"minecraft:shroomlight":1,"minecraft:wooden_axe":236,"minecraft:lantern":13,"minecraft:iron_axe":239,"minecraft:oak_stairs":56,"minecraft:cherry_slab":30,"minecraft:cherry_leaves":21,"minecraft:oak_sapling":35,"minecraft:furnace":4,"tombstone:gift":8,"minecraft:cooked_beef":9,"minecraft:cherry_fence":19,"minecraft:cherry_log":76,"biomesoplenty:burning_blossom":1,"minecraft:cooked_mutton":13,"minecraft:wheat_seeds":7,"minecraft:birch_planks":107,"minecraft:stone_pickaxe":279,"minecraft:wooden_pickaxe":51,"minecraft:cherry_planks":439,"minecraft:composter":1,"minecraft:oak_leaves":42,"minecraft:white_wool":2,"minecraft:oak_slab":56,"minecraft:crafting_table":13,"minecraft:red_bed":1,"minecraft:crossbow":9,"minecraft:white_bed":5,"minecraft:shears":223,"minecraft:oak_log":141,"minecraft:wooden_hoe":10,"minecraft:cornflower":17,"minecraft:apple":7,"minecraft:oxeye_daisy":17,"quark:red_corundum_cluster":6,"minecraft:cherry_door":4,"minecraft:bread":14,"minecraft:iron_pickaxe":186,"minecraft:stone_axe":636,"minecraft:pink_petals":156,"minecraft:pink_bed":1,"minecraft:nether_wart_block":4,"minecraft:cobblestone":11,"minecraft:cherry_stairs":146,"minecraft:white_banner":1,"minecraft:cooked_porkchop":5,"minecraft:andesite":9,"minecraft:glass_pane":8,"minecraft:stripped_cherry_log":8,"minecraft:bone_meal":10,"minecraft:dandelion":39},"minecraft:broken":{"minecraft:golden_helmet":1,"minecraft:shears":1,"minecraft:stone_hoe":1,"minecraft:stone_pickaxe":4,"minecraft:chainmail_chestplate":1,"minecraft:iron_axe":1,"minecraft:stone_axe":5,"minecraft:iron_pickaxe":1,"minecraft:wooden_axe":4},"minecraft:killed_by":{"minecraft:player":1,"minecraft:creeper":4,"minecraft:spider":1,"minecraft:pillager":1,"minecraft:drowned":2,"minecraft:skeleton":8,"minecraft:zombie":7},"minecraft:custom":{"minecraft:mob_kills":47,"minecraft:animals_bred":1,"minecraft:interact_with_crafting_table":83,"minecraft:leave_game":9,"minecraft:time_since_death":91457,"minecraft:sprint_one_cm":901406,"minecraft:walk_one_cm":1663174,"minecraft:drop":16,"minecraft:play_time":547200,"minecraft:deaths":25,"minecraft:sneak_time":349,"minecraft:walk_under_water_one_cm":5705,"minecraft:jump":3964,"minecraft:walk_on_water_one_cm":24592,"minecraft:total_world_time":547200,"minecraft:interact_with_furnace":60,"spartanshields:shield_bash_hits":1,"minecraft:sleep_in_bed":23,"minecraft:time_since_rest":52863,"minecraft:damage_taken":9955,"minecraft:damage_dealt":6392,"minecraft:swim_one_cm":8321,"minecraft:fly_one_cm":561506,"minecraft:open_chest":58,"minecraft:crouch_one_cm":2266,"tombstone:undead_killed":11,"minecraft:fall_one_cm":90379,"minecraft:horse_one_cm":24771},"minecraft:dropped":{"sophisticatedbackpacks:iron_backpack":1,"minecraft:bread":3,"minecraft:amethyst_block":8,"minecraft:granite":1,"jet_and_elias_armors:japanese_footsoldier_chestplate":1,"minecraft:stick":1,"minecraft:diorite":2,"tombstone:grave_dust":1,"minecraft:oak_stairs":1,"jet_and_elias_armors:pink_mercenary_heavy_chestplate":1,"minecraft:rotten_flesh":6,"gnumus:gnumus_horn":1,"minecraft:arrow":3,"minecraft:stone_pickaxe":1},"minecraft:crafted":{"minecraft:cherry_planks":516,"minecraft:oak_planks":108,"minecraft:stone_shovel":1,"quark:birch_chest":1,"minecraft:fishing_rod":1,"minecraft:iron_nugget":90,"minecraft:cherry_slab":12,"minecraft:pink_bed":1,"minecraft:furnace":2,"minecraft:bone_meal":9,"minecraft:glass_pane":16,"minecraft:cooked_mutton":17,"minecraft:glass":26,"minecraft:lantern":11,"minecraft:iron_axe":3,"minecraft:cherry_stairs":88,"minecraft:stone_pickaxe":3,"minecraft:stone_hoe":1,"minecraft:cherry_fence":18,"minecraft:cooked_beef":5,"minecraft:red_dye":1,"minecraft:oak_slab":90,"minecraft:crimson_planks":4,"minecraft:cooked_porkchop":3,"minecraft:crafting_table":3,"minecraft:wooden_pickaxe":1,"minecraft:red_bed":1,"minecraft:birch_planks":160,"minecraft:stone_axe":6,"biomesoplenty:fir_planks":48,"minecraft:wooden_hoe":1,"minecraft:shield":1,"minecraft:stick":24,"minecraft:iron_ingot":18,"minecraft:iron_pickaxe":1,"minecraft:wooden_axe":4,"minecraft:oak_stairs":44,"minecraft:gold_ingot":8,"minecraft:cherry_door":6,"minecraft:white_bed":2,"minecraft:torch":124,"minecraft:shears":1,"minecraft:carrot_on_a_stick":1},"minecraft:mined":{"minecraft:white_bed":3,"minecraft:oak_sapling":1,"quark:yellow_blossom_leaves":13,"minecraft:cherry_log":204,"minecraft:cherry_sapling":11,"minecraft:stripped_cherry_log":11,"minecraft:grass_block":114,"minecraft:composter":1,"minecraft:oxeye_daisy":26,"minecraft:crimson_stem":19,"minecraft:oak_trapdoor":4,"minecraft:furnace":4,"minecraft:carrots":1,"biomesoplenty:toadstool":5,"minecraft:iron_ore":23,"minecraft:andesite":14,"minecraft:deepslate_lapis_ore":2,"minecraft:azure_bluet":9,"minecraft:dirt_path":1,"minecraft:deepslate_iron_ore":7,"minecraft:shroomlight":1,"minecraft:oak_stairs":9,"minecraft:lantern":1,"minecraft:stripped_oak_log":2,"minecraft:stone":60,"minecraft:cherry_stairs":44,"minecraft:white_wool":1,"quark:red_corundum_cluster":5,"minecraft:deepslate_redstone_ore":6,"minecraft:oak_slab":6,"minecraft:glass_pane":1,"minecraft:cherry_planks":137,"minecraft:red_bed":1,"minecraft:dandelion":58,"minecraft:clay":9,"minecraft:crafting_table":12,"minecraft:cornflower":22,"minecraft:torch":4,"minecraft:poppy":19,"minecraft:glass":13,"minecraft:cobblestone":6,"minecraft:tall_grass":20,"minecraft:deepslate_gold_ore":10,"minecraft:lapis_ore":2,"minecraft:oak_planks":6,"minecraft:diorite":1,"minecraft:wall_torch":6,"minecraft:cherry_slab":23,"minecraft:pink_petals":62,"minecraft:cherry_fence":1,"minecraft:birch_planks":17,"minecraft:nether_wart_block":7,"minecraft:birch_log":42,"biomesoplenty:yellow_autumn_leaves":1,"minecraft:wheat":4,"biomesoplenty:fir_log":12,"minecraft:grass":231,"quark:birch_chest":1,"minecraft:coal_ore":46,"minecraft:oak_log":140,"minecraft:cherry_leaves":637,"minecraft:gravel":1,"minecraft:sand":28,"minecraft:dirt":129,"minecraft:netherrack":1,"minecraft:fern":45,"minecraft:oak_leaves":203,"minecraft:deepslate":4},"minecraft:picked_up":{"minecraft:wooden_axe":5,"sophisticatedbackpacks:gold_backpack":1,"minecraft:crafting_table":20,"minecraft:wheat":3,"minecraft:azure_bluet":14,"minecraft:clay_ball":28,"minecraft:leather_leggings":1,"minecraft:oak_stairs":10,"minecraft:wooden_pickaxe":4,"minecraft:pink_wool":8,"minecraft:stripped_cherry_log":11,"minecraft:cornflower":107,"minecraft:string":18,"minecraft:oak_trapdoor":4,"minecraft:red_bed":1,"jet_and_elias_armors:red_mercenary_heavy_leggings":2,"minecraft:shroomlight":1,"minecraft:cobbled_deepslate":3,"biomesoplenty:fir_planks":300,"minecraft:beef":13,"minecraft:poppy":81,"minecraft:light_gray_wool":4,"minecraft:iron_pickaxe":7,"minecraft:egg":8,"minecraft:iron_boots":1,"minecraft:furnace":10,"minecraft:golden_helmet":3,"minecraft:stick":332,"minecraft:raw_iron":42,"minecraft:cherry_stairs":56,"minecraft:composter":1,"minecraft:torch":108,"jet_and_elias_armors:gladiator_armor_boots":2,"minecraft:porkchop":6,"minecraft:cherry_log":300,"quark:birch_chest":2,"tombstone:grave_dust":2,"minecraft:diorite":3,"minecraft:carrot":5,"minecraft:redstone":27,"quark:clear_shard":40,"minecraft:stone_shovel":5,"minecraft:arrow":125,"minecraft:rotten_flesh":39,"minecraft:shears":4,"minecraft:mutton":26,"minecraft:oxeye_daisy":115,"minecraft:white_wool":117,"minecraft:cobblestone":165,"minecraft:birch_log":80,"minecraft:stripped_oak_log":3,"minecraft:pink_petals":158,"minecraft:cooked_beef":5,"minecraft:crimson_stem":16,"minecraft:cherry_planks":304,"minecraft:cherry_leaves":187,"minecraft:andesite":28,"minecraft:leather":12,"minecraft:potato":3,"minecraft:birch_planks":780,"biomesoplenty:fir_log":28,"minecraft:flint":1,"minecraft:oak_log":217,"minecraft:chainmail_chestplate":1,"minecraft:cherry_fence":4,"minecraft:nether_wart_block":9,"minecraft:lantern":1,"minecraft:wooden_hoe":1,"minecraft:lapis_lazuli":22,"minecraft:cherry_door":15,"minecraft:dirt":394,"tombstone:gift":1,"minecraft:white_banner":1,"minecraft:name_tag":1,"minecraft:cooked_mutton":6,"minecraft:bone":78,"jet_and_elias_armors:japanese_footsoldier_chestplate":3,"minecraft:apple":14,"gnumus:gnumus_horn":1,"minecraft:bow":8,"minecraft:wheat_seeds":121,"minecraft:raw_gold":11,"minecraft:stone_pickaxe":13,"minecraft:iron_ingot":16,"jet_and_elias_armors:pink_mercenary_heavy_chestplate":4,"minecraft:oak_planks":6,"biomesoplenty:toadstool":10,"minecraft:oak_slab":3,"quark:red_corundum_cluster":5,"minecraft:cooked_porkchop":3,"minecraft:red_wool":3,"minecraft:dandelion":86,"minecraft:spyglass":1,"minecraft:sand":26,"jet_and_elias_armors:wokou_armor_helmet":1,"sophisticatedbackpacks:iron_backpack":2,"minecraft:white_bed":4,"minecraft:spider_eye":2,"jet_and_elias_armors:pink_mercenary_heavy_helmet":2,"minecraft:stone_axe":6,"minecraft:iron_helmet":1,"minecraft:granite":1,"minecraft:crossbow":6,"minecraft:cherry_sapling":89,"minecraft:bone_meal":1,"minecraft:bread":74,"minecraft:black_wool":4,"minecraft:netherrack":1,"minecraft:coal":147,"minecraft:oak_sapling":37,"minecraft:cherry_slab":27,"minecraft:oak_leaves":71}},"DataVersion":3465}