{"stats":{"minecraft:killed":{"minecraft:sheep":4,"minecraft:horse":1,"minecraft:skeleton":2,"minecraft:cow":4},"minecraft:dropped":{"minecraft:stick":1,"minecraft:stone_pickaxe":1},"minecraft:killed_by":{"minecraft:skeleton":6,"minecraft:zombie":3,"minecraft:drowned":1},"minecraft:custom":{"minecraft:interact_with_furnace":3,"minecraft:mob_kills":14,"minecraft:interact_with_crafting_table":12,"minecraft:time_since_death":870,"minecraft:sleep_in_bed":1,"minecraft:time_since_rest":914,"minecraft:sprint_one_cm":180307,"minecraft:damage_taken":3140,"minecraft:walk_one_cm":200585,"minecraft:drop":2,"minecraft:damage_dealt":1810,"minecraft:swim_one_cm":610,"minecraft:fly_one_cm":156306,"minecraft:open_chest":1,"minecraft:crouch_one_cm":486,"minecraft:play_time":74350,"minecraft:deaths":10,"minecraft:sneak_time":59,"minecraft:walk_under_water_one_cm":252,"minecraft:jump":914,"minecraft:walk_on_water_one_cm":6328,"minecraft:total_world_time":74350,"minecraft:fall_one_cm":22484,"minecraft:horse_one_cm":21377},"minecraft:crafted":{"minecraft:cooked_beef":2,"minecraft:cherry_planks":24,"minecraft:crafting_table":2,"minecraft:furnace":1,"minecraft:stone_axe":1,"biomesoplenty:fir_planks":48,"minecraft:stick":8,"minecraft:stone_pickaxe":1},"minecraft:picked_up":{"minecraft:pink_petals":5,"minecraft:crafting_table":9,"minecraft:azure_bluet":2,"minecraft:cooked_beef":5,"minecraft:cherry_planks":24,"minecraft:leather":12,"minecraft:wooden_pickaxe":2,"biomesoplenty:fir_log":28,"minecraft:string":9,"minecraft:cornflower":63,"minecraft:dirt":57,"minecraft:bone":8,"minecraft:bow":1,"minecraft:wheat_seeds":63,"biomesoplenty:fir_planks":192,"minecraft:beef":13,"minecraft:stone_pickaxe":10,"minecraft:poppy":46,"minecraft:iron_pickaxe":1,"minecraft:furnace":2,"minecraft:egg":6,"biomesoplenty:toadstool":8,"minecraft:stick":82,"minecraft:torch":15,"minecraft:dandelion":38,"minecraft:cherry_log":50,"minecraft:spider_eye":2,"minecraft:arrow":28,"minecraft:rotten_flesh":2,"minecraft:stone_axe":4,"minecraft:cherry_sapling":21,"minecraft:oak_sapling":2,"minecraft:oxeye_daisy":82,"minecraft:mutton":12,"minecraft:coal":18,"minecraft:white_wool":26,"minecraft:cobblestone":58},"minecraft:mined":{"quark:yellow_blossom_leaves":13,"minecraft:cherry_log":29,"minecraft:cherry_sapling":1,"minecraft:dandelion":20,"minecraft:crafting_table":4,"minecraft:cornflower":11,"minecraft:grass_block":3,"minecraft:poppy":14,"minecraft:tall_grass":19,"minecraft:oxeye_daisy":16,"minecraft:wall_torch":1,"minecraft:pink_petals":2,"minecraft:furnace":1,"biomesoplenty:toadstool":3,"biomesoplenty:fir_log":12,"minecraft:azure_bluet":1,"minecraft:grass":110,"minecraft:coal_ore":5,"minecraft:cherry_leaves":160,"minecraft:dirt":17,"minecraft:stone":25,"minecraft:fern":44},"minecraft:used":{"minecraft:cherry_sapling":21,"minecraft:stone_pickaxe":162,"minecraft:rotten_flesh":2,"minecraft:torch":3,"minecraft:crafting_table":4,"minecraft:iron_pickaxe":39,"minecraft:stone_axe":51,"minecraft:pink_petals":1,"minecraft:cobblestone":7,"minecraft:furnace":1,"minecraft:cooked_beef":6,"minecraft:dandelion":1,"minecraft:cherry_log":2},"minecraft:broken":{"minecraft:stone_pickaxe":2}},"DataVersion":3465}