{"stats":{"minecraft:killed":{"minecraft:pig":2,"minecraft:spider":1,"minecraft:sheep":6,"minecraft:horse":1,"minecraft:skeleton":2,"minecraft:cow":4},"minecraft:dropped":{"minecraft:stick":1,"minecraft:stone_pickaxe":1},"minecraft:killed_by":{"minecraft:player":1,"minecraft:skeleton":6,"minecraft:zombie":3,"minecraft:drowned":1},"minecraft:custom":{"minecraft:interact_with_furnace":11,"minecraft:mob_kills":19,"minecraft:interact_with_crafting_table":13,"minecraft:time_since_death":5259,"minecraft:sleep_in_bed":4,"minecraft:time_since_rest":4663,"minecraft:sprint_one_cm":280811,"minecraft:damage_taken":3483,"minecraft:walk_one_cm":269502,"minecraft:drop":2,"minecraft:damage_dealt":2397,"minecraft:swim_one_cm":610,"minecraft:fly_one_cm":221278,"minecraft:open_chest":2,"minecraft:crouch_one_cm":486,"minecraft:play_time":95803,"minecraft:deaths":11,"minecraft:sneak_time":59,"minecraft:walk_under_water_one_cm":765,"minecraft:jump":1267,"minecraft:walk_on_water_one_cm":7417,"minecraft:total_world_time":95803,"minecraft:fall_one_cm":30427,"minecraft:horse_one_cm":21377},"minecraft:crafted":{"minecraft:cooked_beef":5,"minecraft:cherry_planks":108,"minecraft:crafting_table":2,"minecraft:furnace":1,"minecraft:bone_meal":9,"minecraft:birch_planks":160,"minecraft:stone_axe":1,"biomesoplenty:fir_planks":48,"minecraft:stick":8,"minecraft:stone_pickaxe":1},"minecraft:picked_up":{"minecraft:birch_log":80,"minecraft:pink_petals":130,"minecraft:crafting_table":10,"minecraft:azure_bluet":4,"minecraft:cooked_beef":5,"minecraft:cherry_planks":48,"minecraft:leather":12,"minecraft:wooden_pickaxe":2,"biomesoplenty:fir_log":28,"minecraft:string":9,"minecraft:cornflower":74,"minecraft:dirt":88,"minecraft:bone":10,"jet_and_elias_armors:japanese_footsoldier_chestplate":2,"minecraft:bow":2,"minecraft:wheat_seeds":75,"biomesoplenty:fir_planks":228,"minecraft:iron_ingot":1,"minecraft:beef":13,"minecraft:stone_pickaxe":10,"minecraft:poppy":52,"minecraft:iron_pickaxe":3,"minecraft:light_gray_wool":2,"minecraft:furnace":3,"minecraft:egg":7,"biomesoplenty:toadstool":10,"minecraft:stick":125,"minecraft:torch":17,"minecraft:dandelion":49,"minecraft:porkchop":6,"minecraft:cherry_log":71,"minecraft:spider_eye":2,"minecraft:arrow":37,"minecraft:rotten_flesh":2,"minecraft:stone_axe":5,"minecraft:cherry_sapling":26,"minecraft:black_wool":2,"minecraft:oak_sapling":2,"minecraft:oxeye_daisy":90,"minecraft:mutton":21,"minecraft:coal":41,"minecraft:white_wool":33,"minecraft:cobblestone":80},"minecraft:mined":{"quark:yellow_blossom_leaves":13,"minecraft:cherry_log":29,"minecraft:cherry_sapling":6,"minecraft:dandelion":20,"minecraft:crafting_table":4,"minecraft:cornflower":11,"minecraft:grass_block":4,"minecraft:poppy":14,"minecraft:tall_grass":19,"minecraft:oxeye_daisy":16,"minecraft:wall_torch":1,"minecraft:pink_petals":50,"minecraft:furnace":1,"biomesoplenty:toadstool":5,"biomesoplenty:yellow_autumn_leaves":1,"minecraft:birch_log":42,"biomesoplenty:fir_log":12,"minecraft:azure_bluet":1,"minecraft:grass":133,"minecraft:coal_ore":28,"minecraft:cherry_leaves":160,"minecraft:dirt":21,"minecraft:stone":25,"minecraft:fern":45},"minecraft:used":{"minecraft:cherry_sapling":23,"minecraft:stone_pickaxe":162,"minecraft:rotten_flesh":2,"minecraft:torch":3,"minecraft:crafting_table":4,"minecraft:iron_pickaxe":74,"minecraft:stone_axe":116,"minecraft:pink_petals":128,"minecraft:cobblestone":7,"minecraft:furnace":1,"minecraft:cooked_beef":9,"minecraft:bone_meal":9,"minecraft:dandelion":1,"minecraft:cherry_log":2},"minecraft:broken":{"minecraft:stone_pickaxe":2}},"DataVersion":3465}