{"stats":{"minecraft:killed":{"minecraft:pig":1,"minecraft:spider":1,"minecraft:sheep":5,"minecraft:horse":1,"minecraft:skeleton":2,"minecraft:cow":4},"minecraft:dropped":{"minecraft:stick":1,"minecraft:stone_pickaxe":1},"minecraft:killed_by":{"minecraft:skeleton":6,"minecraft:zombie":3,"minecraft:drowned":1},"minecraft:custom":{"minecraft:interact_with_furnace":10,"minecraft:mob_kills":17,"minecraft:interact_with_crafting_table":12,"minecraft:time_since_death":12870,"minecraft:sleep_in_bed":2,"minecraft:time_since_rest":10473,"minecraft:sprint_one_cm":257651,"minecraft:damage_taken":3290,"minecraft:walk_one_cm":241784,"minecraft:drop":2,"minecraft:damage_dealt":2189,"minecraft:swim_one_cm":610,"minecraft:fly_one_cm":196099,"minecraft:open_chest":1,"minecraft:crouch_one_cm":486,"minecraft:play_time":86350,"minecraft:deaths":10,"minecraft:sneak_time":59,"minecraft:walk_under_water_one_cm":765,"minecraft:jump":1140,"minecraft:walk_on_water_one_cm":7417,"minecraft:total_world_time":86350,"minecraft:fall_one_cm":27455,"minecraft:horse_one_cm":21377},"minecraft:crafted":{"minecraft:cooked_beef":5,"minecraft:cherry_planks":24,"minecraft:crafting_table":2,"minecraft:furnace":1,"minecraft:bone_meal":9,"minecraft:stone_axe":1,"biomesoplenty:fir_planks":48,"minecraft:stick":8,"minecraft:stone_pickaxe":1},"minecraft:picked_up":{"minecraft:birch_log":38,"minecraft:pink_petals":130,"minecraft:crafting_table":9,"minecraft:azure_bluet":3,"minecraft:cooked_beef":5,"minecraft:cherry_planks":24,"minecraft:leather":12,"minecraft:wooden_pickaxe":2,"biomesoplenty:fir_log":28,"minecraft:string":9,"minecraft:cornflower":63,"minecraft:dirt":62,"minecraft:bone":10,"minecraft:bow":1,"minecraft:wheat_seeds":68,"biomesoplenty:fir_planks":192,"minecraft:beef":13,"minecraft:stone_pickaxe":10,"minecraft:poppy":46,"minecraft:iron_pickaxe":2,"minecraft:furnace":2,"minecraft:egg":6,"biomesoplenty:toadstool":10,"minecraft:stick":101,"minecraft:torch":15,"minecraft:dandelion":38,"minecraft:porkchop":1,"minecraft:cherry_log":50,"minecraft:spider_eye":2,"minecraft:arrow":28,"minecraft:rotten_flesh":2,"minecraft:stone_axe":4,"minecraft:cherry_sapling":23,"minecraft:black_wool":1,"minecraft:oak_sapling":2,"minecraft:oxeye_daisy":82,"minecraft:mutton":19,"minecraft:coal":41,"minecraft:white_wool":26,"minecraft:cobblestone":69},"minecraft:mined":{"quark:yellow_blossom_leaves":13,"minecraft:cherry_log":29,"minecraft:cherry_sapling":3,"minecraft:dandelion":20,"minecraft:crafting_table":4,"minecraft:cornflower":11,"minecraft:grass_block":4,"minecraft:poppy":14,"minecraft:tall_grass":19,"minecraft:oxeye_daisy":16,"minecraft:wall_torch":1,"minecraft:pink_petals":50,"minecraft:furnace":1,"biomesoplenty:toadstool":5,"biomesoplenty:yellow_autumn_leaves":1,"minecraft:birch_log":40,"biomesoplenty:fir_log":12,"minecraft:azure_bluet":1,"minecraft:grass":129,"minecraft:coal_ore":28,"minecraft:cherry_leaves":160,"minecraft:dirt":21,"minecraft:stone":25,"minecraft:fern":45},"minecraft:used":{"minecraft:cherry_sapling":23,"minecraft:stone_pickaxe":162,"minecraft:rotten_flesh":2,"minecraft:torch":3,"minecraft:crafting_table":4,"minecraft:iron_pickaxe":74,"minecraft:stone_axe":99,"minecraft:pink_petals":128,"minecraft:cobblestone":7,"minecraft:furnace":1,"minecraft:cooked_beef":9,"minecraft:bone_meal":9,"minecraft:dandelion":1,"minecraft:cherry_log":2},"minecraft:broken":{"minecraft:stone_pickaxe":2}},"DataVersion":3465}