{"stats":{"minecraft:picked_up":{"minecraft:wooden_axe":5,"minecraft:crafting_table":17,"minecraft:azure_bluet":6,"minecraft:leather_leggings":1,"minecraft:wooden_pickaxe":4,"minecraft:pink_wool":3,"minecraft:stripped_cherry_log":3,"minecraft:cornflower":96,"minecraft:string":14,"biomesoplenty:fir_planks":300,"minecraft:beef":13,"minecraft:poppy":76,"minecraft:iron_pickaxe":7,"minecraft:light_gray_wool":4,"minecraft:iron_boots":1,"minecraft:furnace":7,"minecraft:egg":8,"minecraft:golden_helmet":3,"minecraft:stick":305,"minecraft:raw_iron":24,"minecraft:cherry_stairs":23,"minecraft:torch":102,"minecraft:porkchop":6,"minecraft:cherry_log":179,"quark:birch_chest":1,"minecraft:carrot":2,"minecraft:arrow":117,"minecraft:rotten_flesh":26,"minecraft:stone_shovel":5,"minecraft:shears":4,"minecraft:mutton":21,"minecraft:cobblestone":138,"minecraft:white_wool":104,"minecraft:oxeye_daisy":106,"minecraft:stripped_oak_log":2,"minecraft:birch_log":80,"minecraft:pink_petals":130,"minecraft:cooked_beef":5,"minecraft:cherry_planks":202,"minecraft:cherry_leaves":57,"minecraft:andesite":20,"minecraft:leather":12,"minecraft:birch_planks":777,"biomesoplenty:fir_log":28,"minecraft:oak_log":157,"minecraft:chainmail_chestplate":1,"minecraft:cherry_fence":3,"minecraft:cherry_door":15,"minecraft:dirt":256,"minecraft:white_banner":1,"minecraft:cooked_mutton":6,"minecraft:bone":76,"jet_and_elias_armors:japanese_footsoldier_chestplate":3,"minecraft:apple":11,"minecraft:bow":8,"minecraft:wheat_seeds":108,"minecraft:iron_ingot":15,"minecraft:stone_pickaxe":12,"biomesoplenty:toadstool":10,"minecraft:dandelion":49,"minecraft:spyglass":1,"sophisticatedbackpacks:iron_backpack":1,"minecraft:white_bed":2,"minecraft:spider_eye":2,"minecraft:stone_axe":6,"minecraft:iron_helmet":1,"minecraft:crossbow":6,"minecraft:cherry_sapling":64,"minecraft:bread":74,"minecraft:oak_sapling":30,"minecraft:black_wool":4,"minecraft:coal":95},"minecraft:killed":{"minecraft:spider":3,"minecraft:skeleton":4,"minecraft:horse":1,"minecraft:pig":2,"minecraft:sheep":6,"minecraft:pillager":1,"minecraft:zombie":3,"minecraft:cow":4},"minecraft:custom":{"minecraft:mob_kills":28,"minecraft:interact_with_crafting_table":38,"minecraft:leave_game":2,"minecraft:time_since_death":8492,"minecraft:sprint_one_cm":544196,"minecraft:walk_one_cm":811030,"minecraft:drop":5,"minecraft:play_time":265416,"minecraft:deaths":22,"minecraft:sneak_time":232,"minecraft:walk_under_water_one_cm":1582,"minecraft:jump":2422,"minecraft:walk_on_water_one_cm":12234,"minecraft:total_world_time":265416,"minecraft:interact_with_furnace":26,"minecraft:sleep_in_bed":13,"minecraft:time_since_rest":7331,"minecraft:damage_taken":8374,"minecraft:damage_dealt":3651,"minecraft:swim_one_cm":8321,"minecraft:fly_one_cm":382144,"minecraft:open_chest":15,"minecraft:crouch_one_cm":1822,"minecraft:fall_one_cm":53799,"minecraft:horse_one_cm":21377},"minecraft:broken":{"minecraft:golden_helmet":1,"minecraft:stone_hoe":1,"minecraft:stone_pickaxe":2,"minecraft:chainmail_chestplate":1,"minecraft:stone_axe":2,"minecraft:iron_pickaxe":1,"minecraft:wooden_axe":1},"minecraft:crafted":{"minecraft:cherry_planks":328,"minecraft:stone_shovel":1,"quark:birch_chest":1,"minecraft:iron_nugget":9,"minecraft:furnace":2,"minecraft:bone_meal":9,"minecraft:cooked_mutton":9,"minecraft:lantern":1,"minecraft:cherry_stairs":26,"minecraft:stone_pickaxe":2,"minecraft:stone_hoe":1,"minecraft:cherry_fence":18,"minecraft:cooked_beef":5,"minecraft:cooked_porkchop":3,"minecraft:crafting_table":3,"minecraft:wooden_pickaxe":1,"minecraft:birch_planks":160,"minecraft:stone_axe":3,"biomesoplenty:fir_planks":48,"minecraft:stick":8,"minecraft:wooden_axe":3,"minecraft:cherry_door":3,"minecraft:white_bed":2,"minecraft:torch":48,"minecraft:shears":1},"minecraft:dropped":{"jet_and_elias_armors:japanese_footsoldier_chestplate":1,"minecraft:stick":1,"minecraft:rotten_flesh":6,"minecraft:stone_pickaxe":1},"minecraft:killed_by":{"minecraft:player":1,"minecraft:creeper":3,"minecraft:spider":1,"minecraft:pillager":1,"minecraft:drowned":2,"minecraft:skeleton":7,"minecraft:zombie":7},"minecraft:used":{"minecraft:cherry_sapling":53,"quark:birch_chest":2,"minecraft:stone_shovel":110,"minecraft:poppy":6,"minecraft:stone_hoe":131,"minecraft:rotten_flesh":2,"minecraft:torch":27,"minecraft:dirt":431,"minecraft:spyglass":10,"minecraft:carrot":2,"minecraft:wooden_axe":119,"minecraft:oak_sapling":28,"minecraft:furnace":3,"minecraft:cooked_beef":9,"minecraft:cherry_fence":15,"minecraft:cherry_log":2,"minecraft:cooked_mutton":9,"minecraft:birch_planks":98,"minecraft:stone_pickaxe":196,"minecraft:wooden_pickaxe":51,"minecraft:cherry_planks":308,"minecraft:crafting_table":11,"minecraft:crossbow":4,"minecraft:white_bed":3,"minecraft:shears":19,"minecraft:oak_log":97,"minecraft:apple":2,"minecraft:cherry_door":3,"minecraft:bread":11,"minecraft:iron_pickaxe":160,"minecraft:stone_axe":269,"minecraft:pink_petals":128,"minecraft:cobblestone":7,"minecraft:cherry_stairs":35,"minecraft:white_banner":1,"minecraft:cooked_porkchop":2,"minecraft:andesite":9,"minecraft:stripped_cherry_log":1,"minecraft:dandelion":1,"minecraft:bone_meal":9},"minecraft:mined":{"minecraft:white_bed":1,"minecraft:oak_sapling":1,"quark:yellow_blossom_leaves":13,"minecraft:cherry_log":83,"minecraft:cherry_sapling":10,"minecraft:stripped_cherry_log":2,"minecraft:grass_block":83,"minecraft:oxeye_daisy":16,"minecraft:furnace":1,"biomesoplenty:toadstool":5,"minecraft:iron_ore":12,"minecraft:andesite":10,"minecraft:azure_bluet":1,"minecraft:dirt_path":1,"minecraft:stripped_oak_log":1,"minecraft:stone":45,"minecraft:cherry_stairs":10,"minecraft:cherry_planks":51,"minecraft:dandelion":20,"minecraft:crafting_table":9,"minecraft:cornflower":11,"minecraft:torch":2,"minecraft:poppy":14,"minecraft:tall_grass":20,"minecraft:wall_torch":5,"minecraft:pink_petals":50,"minecraft:birch_planks":6,"biomesoplenty:yellow_autumn_leaves":1,"minecraft:birch_log":42,"biomesoplenty:fir_log":12,"minecraft:grass":182,"minecraft:coal_ore":46,"minecraft:oak_log":106,"minecraft:cherry_leaves":472,"minecraft:sand":1,"minecraft:dirt":58,"minecraft:oak_leaves":118,"minecraft:fern":45}},"DataVersion":3465}