{"stats":{"minecraft:killed_by":{"minecraft:player":1,"minecraft:skeleton":6,"minecraft:zombie":4,"minecraft:pillager":1,"minecraft:drowned":1},"minecraft:dropped":{"minecraft:rotten_flesh":2,"jet_and_elias_armors:japanese_footsoldier_chestplate":1,"minecraft:stick":1,"minecraft:stone_pickaxe":1},"minecraft:mined":{"minecraft:white_bed":1,"minecraft:oak_sapling":1,"minecraft:cherry_planks":43,"quark:yellow_blossom_leaves":13,"minecraft:cherry_log":73,"minecraft:cherry_sapling":10,"minecraft:stripped_cherry_log":2,"minecraft:dandelion":20,"minecraft:crafting_table":7,"minecraft:cornflower":11,"minecraft:grass_block":36,"minecraft:poppy":14,"minecraft:tall_grass":19,"minecraft:oxeye_daisy":16,"minecraft:wall_torch":1,"minecraft:pink_petals":50,"minecraft:furnace":1,"biomesoplenty:toadstool":5,"minecraft:birch_log":42,"biomesoplenty:yellow_autumn_leaves":1,"biomesoplenty:fir_log":12,"minecraft:azure_bluet":1,"minecraft:grass":156,"minecraft:oak_log":73,"minecraft:coal_ore":28,"minecraft:cherry_leaves":452,"minecraft:dirt":38,"minecraft:stripped_oak_log":1,"minecraft:stone":25,"minecraft:cherry_stairs":6,"minecraft:oak_leaves":103,"minecraft:fern":45},"minecraft:used":{"minecraft:cooked_mutton":9,"minecraft:cherry_sapling":45,"minecraft:stone_shovel":38,"minecraft:stone_pickaxe":162,"minecraft:cherry_planks":226,"minecraft:stone_hoe":131,"minecraft:rotten_flesh":2,"minecraft:torch":3,"minecraft:dirt":69,"minecraft:crafting_table":8,"minecraft:carrot":2,"minecraft:crossbow":3,"minecraft:oak_log":66,"minecraft:wooden_axe":54,"minecraft:apple":1,"minecraft:bread":7,"minecraft:iron_pickaxe":143,"minecraft:stone_axe":269,"minecraft:pink_petals":128,"minecraft:cobblestone":7,"minecraft:cherry_stairs":29,"minecraft:white_banner":1,"minecraft:furnace":1,"minecraft:oak_sapling":24,"minecraft:cooked_porkchop":2,"minecraft:bone_meal":9,"minecraft:cooked_beef":9,"minecraft:dandelion":1,"minecraft:stripped_cherry_log":1,"minecraft:cherry_log":2},"minecraft:killed":{"minecraft:pig":2,"minecraft:spider":1,"minecraft:sheep":6,"minecraft:horse":1,"minecraft:skeleton":4,"minecraft:pillager":1,"minecraft:zombie":3,"minecraft:cow":4},"minecraft:custom":{"minecraft:interact_with_furnace":13,"minecraft:mob_kills":26,"minecraft:interact_with_crafting_table":25,"minecraft:leave_game":1,"minecraft:time_since_death":2558,"minecraft:sleep_in_bed":10,"minecraft:time_since_rest":2699,"minecraft:sprint_one_cm":455263,"minecraft:damage_taken":5239,"minecraft:walk_one_cm":566098,"minecraft:drop":4,"minecraft:damage_dealt":2951,"minecraft:swim_one_cm":8321,"minecraft:fly_one_cm":329314,"minecraft:open_chest":8,"minecraft:crouch_one_cm":1603,"minecraft:play_time":185519,"minecraft:deaths":13,"minecraft:sneak_time":199,"minecraft:walk_under_water_one_cm":1306,"minecraft:jump":1944,"minecraft:walk_on_water_one_cm":11118,"minecraft:total_world_time":185519,"minecraft:fall_one_cm":44281,"minecraft:horse_one_cm":21377},"minecraft:picked_up":{"minecraft:birch_log":80,"minecraft:pink_petals":130,"minecraft:crafting_table":13,"minecraft:azure_bluet":6,"minecraft:cooked_beef":5,"minecraft:cherry_planks":183,"minecraft:leather":12,"minecraft:wooden_pickaxe":2,"minecraft:birch_planks":317,"biomesoplenty:fir_log":28,"minecraft:stripped_cherry_log":3,"minecraft:oak_log":101,"minecraft:chainmail_chestplate":1,"minecraft:cornflower":96,"minecraft:string":9,"minecraft:cherry_door":6,"minecraft:dirt":140,"minecraft:white_banner":1,"minecraft:cooked_mutton":6,"minecraft:bone":31,"jet_and_elias_armors:japanese_footsoldier_chestplate":3,"minecraft:apple":3,"minecraft:bow":4,"minecraft:wheat_seeds":92,"biomesoplenty:fir_planks":300,"minecraft:iron_ingot":3,"minecraft:stone_pickaxe":10,"minecraft:beef":13,"minecraft:poppy":64,"minecraft:iron_pickaxe":5,"minecraft:light_gray_wool":4,"minecraft:golden_helmet":1,"minecraft:egg":8,"minecraft:furnace":5,"biomesoplenty:toadstool":10,"minecraft:stick":209,"minecraft:cherry_stairs":7,"minecraft:torch":21,"minecraft:dandelion":49,"minecraft:porkchop":6,"minecraft:cherry_log":159,"minecraft:white_bed":1,"minecraft:carrot":2,"minecraft:spider_eye":2,"minecraft:arrow":71,"minecraft:stone_shovel":2,"minecraft:rotten_flesh":10,"minecraft:stone_axe":6,"minecraft:crossbow":2,"minecraft:wooden_axe":1,"minecraft:cherry_sapling":64,"minecraft:bread":43,"minecraft:black_wool":4,"minecraft:stripped_oak_log":2,"minecraft:oak_sapling":26,"minecraft:mutton":21,"minecraft:oxeye_daisy":106,"minecraft:coal":41,"minecraft:white_wool":47,"minecraft:cobblestone":84},"minecraft:crafted":{"minecraft:cooked_beef":5,"minecraft:cherry_planks":228,"minecraft:stone_shovel":1,"minecraft:cooked_porkchop":3,"minecraft:iron_nugget":9,"minecraft:crafting_table":2,"minecraft:furnace":1,"minecraft:bone_meal":9,"minecraft:birch_planks":160,"minecraft:stone_axe":3,"minecraft:cooked_mutton":9,"biomesoplenty:fir_planks":48,"minecraft:stick":8,"minecraft:cherry_stairs":22,"minecraft:stone_pickaxe":1,"minecraft:wooden_axe":1,"minecraft:cherry_door":3,"minecraft:shears":1,"minecraft:stone_hoe":1},"minecraft:broken":{"minecraft:stone_pickaxe":2,"minecraft:chainmail_chestplate":1,"minecraft:stone_axe":2,"minecraft:stone_hoe":1}},"DataVersion":3465}