{"stats":{"minecraft:killed_by":{"minecraft:skeleton":2,"minecraft:zombie":3},"minecraft:custom":{"minecraft:time_since_rest":1876,"minecraft:sprint_one_cm":51580,"minecraft:damage_taken":1415,"minecraft:walk_one_cm":64169,"minecraft:damage_dealt":315,"minecraft:fly_one_cm":49738,"minecraft:interact_with_crafting_table":1,"minecraft:crouch_one_cm":219,"minecraft:play_time":26350,"minecraft:deaths":5,"minecraft:sneak_time":24,"minecraft:jump":306,"minecraft:time_since_death":1847,"minecraft:total_world_time":26350,"minecraft:fall_one_cm":10380},"minecraft:crafted":{"biomesoplenty:fir_planks":36,"minecraft:stick":8,"minecraft:stone_pickaxe":1},"minecraft:picked_up":{"biomesoplenty:toadstool":8,"minecraft:stick":40,"minecraft:crafting_table":4,"minecraft:torch":9,"minecraft:wooden_pickaxe":2,"minecraft:dandelion":16,"biomesoplenty:fir_log":25,"minecraft:cornflower":41,"minecraft:spider_eye":2,"minecraft:string":9,"minecraft:bone":2,"minecraft:arrow":12,"minecraft:stone_axe":3,"minecraft:wheat_seeds":42,"biomesoplenty:fir_planks":128,"minecraft:stone_pickaxe":7,"minecraft:poppy":34,"minecraft:egg":4,"minecraft:white_wool":12,"minecraft:cobblestone":8,"minecraft:oxeye_daisy":58},"minecraft:used":{"minecraft:stone_pickaxe":21,"minecraft:stone_axe":6,"minecraft:torch":1,"minecraft:dandelion":1},"minecraft:mined":{"biomesoplenty:toadstool":3,"minecraft:dandelion":9,"biomesoplenty:fir_log":9,"minecraft:crafting_table":1,"minecraft:cornflower":9,"minecraft:grass":28,"minecraft:poppy":14,"minecraft:tall_grass":3,"minecraft:oxeye_daisy":14,"minecraft:fern":43}},"DataVersion":3465}