{"stats":{"minecraft:killed":{"minecraft:spider":8,"minecraft:skeleton":5,"minecraft:pig":2,"minecraft:salmon":5,"minecraft:sheep":9,"minecraft:pillager":1,"minecraft:zombie":14,"minecraft:cow":4,"minecraft:horse":1,"gnumus:gnumus_hunter":2,"gnumus:gnumus_hunter_not_dispawn":1,"minecraft:hoglin":1,"minecraft:squid":1},"minecraft:used":{"minecraft:cherry_sapling":73,"minecraft:carrot_on_a_stick":8,"minecraft:poppy":10,"minecraft:shield":1,"minecraft:rotten_flesh":12,"minecraft:carrot":6,"minecraft:azure_bluet":9,"minecraft:glass":19,"minecraft:lantern":13,"minecraft:cherry_leaves":21,"minecraft:furnace":4,"minecraft:oak_sapling":35,"gnumus:grilled_juicy_meat":1,"minecraft:stone_pickaxe":281,"minecraft:wooden_pickaxe":51,"minecraft:composter":1,"minecraft:oak_leaves":42,"minecraft:white_wool":2,"minecraft:crossbow":9,"minecraft:shears":223,"minecraft:bread":14,"minecraft:nether_wart_block":4,"minecraft:andesite":9,"minecraft:stripped_cherry_log":8,"minecraft:bone_meal":10,"jet_and_elias_armors:wokou_armor_helmet":1,"quark:birch_chest":3,"minecraft:stone_shovel":192,"minecraft:stone_hoe":131,"minecraft:torch":105,"minecraft:dirt":647,"minecraft:spyglass":10,"minecraft:shroomlight":1,"minecraft:wooden_axe":236,"minecraft:iron_axe":370,"minecraft:oak_stairs":56,"minecraft:cherry_slab":32,"tombstone:gift":8,"minecraft:cherry_log":76,"minecraft:cooked_beef":11,"minecraft:cherry_fence":19,"minecraft:pumpkin":4,"biomesoplenty:burning_blossom":1,"minecraft:wheat_seeds":7,"minecraft:cooked_mutton":13,"minecraft:water_bucket":1,"minecraft:birch_planks":107,"minecraft:cherry_planks":447,"minecraft:oak_slab":56,"minecraft:crafting_table":14,"minecraft:red_bed":1,"minecraft:white_bed":5,"minecraft:oak_log":141,"minecraft:wooden_hoe":12,"minecraft:apple":7,"minecraft:cornflower":19,"minecraft:oxeye_daisy":18,"quark:red_corundum_cluster":7,"minecraft:cherry_door":4,"minecraft:iron_pickaxe":197,"minecraft:stone_axe":636,"minecraft:pink_petals":156,"minecraft:pink_bed":1,"minecraft:cobblestone":11,"minecraft:cherry_stairs":152,"minecraft:white_banner":1,"minecraft:cooked_porkchop":5,"minecraft:bucket":2,"minecraft:glass_pane":9,"biomesoplenty:orange_autumn_leaves":1,"minecraft:dandelion":39},"minecraft:broken":{"minecraft:golden_helmet":1,"minecraft:shears":1,"minecraft:stone_pickaxe":4,"minecraft:chainmail_chestplate":1,"minecraft:stone_axe":5,"minecraft:wooden_axe":4,"minecraft:stone_hoe":1,"minecraft:iron_axe":1,"minecraft:iron_pickaxe":1},"minecraft:killed_by":{"minecraft:creeper":6,"minecraft:pillager":1,"minecraft:drowned":2,"minecraft:zombie":7,"minecraft:player":1,"minecraft:spider":1,"minecraft:skeleton":8},"minecraft:custom":{"minecraft:animals_bred":3,"minecraft:interact_with_crafting_table":84,"minecraft:leave_game":9,"minecraft:time_since_death":14462,"minecraft:sprint_one_cm":986989,"minecraft:damage_blocked_by_shield":60,"minecraft:drop":23,"minecraft:play_time":589200,"minecraft:deaths":27,"minecraft:jump":4408,"minecraft:walk_on_water_one_cm":39043,"minecraft:interact_with_furnace":63,"minecraft:sleep_in_bed":23,"minecraft:damage_dealt":7415,"minecraft:crouch_one_cm":2294,"tombstone:undead_killed":12,"minecraft:horse_one_cm":24771,"minecraft:mob_kills":58,"minecraft:interact_with_campfire":3,"minecraft:walk_one_cm":1815009,"minecraft:sneak_time":377,"minecraft:walk_under_water_one_cm":12388,"minecraft:boat_one_cm":17921,"minecraft:total_world_time":589200,"spartanshields:shield_bash_hits":1,"minecraft:time_since_rest":13877,"minecraft:damage_taken":10679,"minecraft:swim_one_cm":14196,"minecraft:fly_one_cm":633699,"minecraft:open_chest":59,"minecraft:fall_one_cm":97233},"minecraft:dropped":{"sophisticatedbackpacks:iron_backpack":1,"biomesoplenty:orange_autumn_leaves":1,"minecraft:crafting_table":2,"minecraft:rotten_flesh":6,"gnumus:gnumus_horn":1,"minecraft:arrow":3,"minecraft:bread":3,"minecraft:amethyst_block":8,"minecraft:granite":1,"jet_and_elias_armors:japanese_footsoldier_chestplate":1,"minecraft:stick":1,"minecraft:diorite":2,"tombstone:grave_dust":3,"minecraft:oak_stairs":1,"minecraft:string":3,"jet_and_elias_armors:pink_mercenary_heavy_chestplate":1,"minecraft:spider_eye":1,"minecraft:stone_pickaxe":1},"minecraft:crafted":{"minecraft:brick":7,"minecraft:oak_planks":108,"quark:birch_chest":1,"minecraft:cherry_slab":12,"minecraft:pink_bed":1,"minecraft:cooked_mutton":17,"minecraft:glass":36,"minecraft:stone_hoe":1,"minecraft:cherry_fence":18,"minecraft:oak_slab":90,"minecraft:cooked_porkchop":3,"minecraft:crafting_table":3,"minecraft:wooden_pickaxe":1,"minecraft:birch_planks":160,"biomesoplenty:fir_planks":48,"minecraft:wooden_hoe":1,"minecraft:shield":1,"minecraft:stick":24,"minecraft:iron_ingot":18,"minecraft:iron_pickaxe":1,"minecraft:gold_ingot":8,"minecraft:shears":1,"minecraft:cherry_planks":516,"minecraft:stone_shovel":1,"minecraft:fishing_rod":1,"minecraft:iron_nugget":90,"minecraft:furnace":2,"minecraft:bone_meal":9,"minecraft:glass_pane":16,"minecraft:lantern":11,"minecraft:iron_axe":3,"minecraft:cherry_stairs":88,"minecraft:stone_pickaxe":3,"minecraft:cooked_beef":5,"minecraft:red_dye":1,"minecraft:crimson_planks":4,"minecraft:red_bed":1,"minecraft:stone_axe":6,"minecraft:oak_stairs":44,"minecraft:wooden_axe":4,"minecraft:cherry_door":6,"minecraft:white_bed":2,"minecraft:torch":124,"minecraft:carrot_on_a_stick":1},"minecraft:mined":{"minecraft:white_bed":3,"minecraft:oak_sapling":1,"quark:yellow_blossom_leaves":13,"minecraft:cherry_log":204,"minecraft:carved_pumpkin":1,"minecraft:grass_block":114,"minecraft:composter":1,"minecraft:oxeye_daisy":26,"minecraft:magma_block":10,"minecraft:iron_ore":23,"minecraft:pumpkin":26,"minecraft:deepslate_lapis_ore":2,"minecraft:azure_bluet":9,"minecraft:dirt_path":2,"minecraft:oak_stairs":9,"quark:red_corundum_cluster":5,"minecraft:deepslate_redstone_ore":6,"minecraft:red_bed":1,"minecraft:clay":9,"minecraft:torch":4,"minecraft:poppy":19,"minecraft:glass":14,"minecraft:cobblestone":6,"minecraft:oak_planks":6,"minecraft:wall_torch":6,"minecraft:cherry_slab":25,"minecraft:pink_petals":62,"minecraft:cherry_fence":1,"minecraft:nether_wart_block":7,"minecraft:birch_log":42,"minecraft:wheat":4,"biomesoplenty:fir_log":12,"minecraft:grass":247,"quark:birch_chest":1,"minecraft:oak_log":145,"minecraft:sand":28,"minecraft:dirt":131,"minecraft:netherrack":1,"minecraft:oak_leaves":203,"minecraft:deepslate":4,"biomesoplenty:reed":6,"minecraft:stripped_cherry_log":11,"minecraft:cherry_sapling":11,"minecraft:dark_oak_log":5,"minecraft:crimson_stem":19,"minecraft:oak_trapdoor":4,"minecraft:furnace":4,"minecraft:carrots":1,"biomesoplenty:toadstool":5,"minecraft:andesite":14,"minecraft:shroomlight":1,"minecraft:deepslate_iron_ore":7,"minecraft:lantern":1,"minecraft:stripped_oak_log":2,"gnumus:fragile_gnumus_jug":1,"minecraft:stone":60,"minecraft:cherry_stairs":52,"minecraft:white_wool":1,"minecraft:oak_slab":6,"minecraft:glass_pane":3,"minecraft:cherry_planks":141,"minecraft:dandelion":58,"minecraft:crafting_table":12,"minecraft:cornflower":24,"minecraft:tall_grass":20,"minecraft:lapis_ore":2,"biomesoplenty:sprout":3,"minecraft:deepslate_gold_ore":10,"minecraft:diorite":1,"minecraft:birch_planks":17,"biomesoplenty:yellow_autumn_leaves":1,"minecraft:coal_ore":46,"minecraft:cherry_leaves":638,"minecraft:gravel":1,"minecraft:fern":50},"minecraft:picked_up":{"minecraft:wooden_axe":5,"minecraft:wheat":3,"gnumus:gnumus_claw":2,"minecraft:oak_stairs":10,"biomesoplenty:maple_leaves":9,"minecraft:string":19,"minecraft:shroomlight":1,"minecraft:cobbled_deepslate":3,"biomesoplenty:fir_planks":300,"minecraft:iron_pickaxe":7,"minecraft:iron_boots":1,"minecraft:furnace":10,"minecraft:golden_helmet":3,"minecraft:stick":333,"minecraft:composter":1,"minecraft:torch":108,"minecraft:porkchop":14,"minecraft:cherry_log":300,"minecraft:diorite":3,"tombstone:grave_dust":4,"gnumus:grilled_juicy_meat":1,"minecraft:rotten_flesh":41,"quark:clear_shard":43,"minecraft:carved_pumpkin":1,"minecraft:cobblestone":165,"minecraft:birch_log":80,"minecraft:pink_petals":158,"minecraft:magma_block":4,"gnumus:gnumus_doubloons":2,"minecraft:cooked_beef":7,"minecraft:cherry_planks":308,"minecraft:cherry_leaves":187,"minecraft:andesite":28,"minecraft:potato":3,"biomesoplenty:fir_log":28,"minecraft:flint":1,"minecraft:cherry_fence":4,"minecraft:cherry_door":15,"minecraft:lapis_lazuli":22,"minecraft:dirt":423,"minecraft:lantern":1,"gnumus:gnumus_pouch_2":1,"minecraft:name_tag":1,"minecraft:bone":79,"minecraft:bow":8,"minecraft:wheat_seeds":125,"minecraft:raw_gold":11,"minecraft:rabbit":6,"minecraft:oak_planks":6,"biomesoplenty:toadstool":10,"minecraft:cooked_porkchop":4,"minecraft:sand":26,"sophisticatedbackpacks:iron_backpack":2,"minecraft:ink_sac":3,"minecraft:dark_oak_log":5,"gnumus:gnumus_clay":10,"minecraft:crossbow":6,"minecraft:granite":1,"minecraft:bone_meal":1,"minecraft:bread":74,"minecraft:oak_sapling":37,"minecraft:cherry_slab":29,"minecraft:netherrack":1,"minecraft:oak_leaves":71,"sophisticatedbackpacks:gold_backpack":1,"minecraft:crafting_table":23,"minecraft:azure_bluet":14,"minecraft:clay_ball":28,"minecraft:leather_leggings":1,"minecraft:wooden_pickaxe":4,"minecraft:pink_wool":8,"minecraft:stripped_cherry_log":11,"minecraft:cornflower":109,"minecraft:oak_trapdoor":4,"minecraft:red_bed":1,"minecraft:iron_axe":1,"jet_and_elias_armors:red_mercenary_heavy_leggings":2,"minecraft:beef":13,"minecraft:poppy":81,"minecraft:light_gray_wool":4,"minecraft:egg":8,"minecraft:raw_iron":42,"minecraft:cherry_stairs":63,"jet_and_elias_armors:gladiator_armor_boots":2,"quark:birch_chest":2,"minecraft:carrot":5,"minecraft:redstone":27,"minecraft:arrow":125,"minecraft:stone_shovel":5,"minecraft:shears":4,"gnumus:mouse_skin":3,"minecraft:mutton":26,"minecraft:white_wool":117,"minecraft:oxeye_daisy":116,"minecraft:stripped_oak_log":3,"minecraft:crimson_stem":16,"minecraft:salmon":4,"minecraft:leather":12,"gnumus:gnumus_pouch":1,"minecraft:birch_planks":780,"minecraft:oak_log":223,"biomesoplenty:orange_autumn_leaves":2,"minecraft:chainmail_chestplate":1,"minecraft:nether_wart_block":9,"minecraft:wooden_hoe":1,"minecraft:white_banner":1,"tombstone:gift":1,"minecraft:cooked_mutton":6,"jet_and_elias_armors:japanese_footsoldier_chestplate":3,"minecraft:apple":14,"gnumus:gnumus_horn":1,"minecraft:iron_ingot":16,"minecraft:stone_pickaxe":13,"jet_and_elias_armors:pink_mercenary_heavy_chestplate":4,"minecraft:oak_slab":3,"quark:red_corundum_cluster":6,"minecraft:pumpkin":26,"minecraft:red_wool":3,"minecraft:dandelion":86,"minecraft:spyglass":1,"jet_and_elias_armors:wokou_armor_helmet":1,"minecraft:white_bed":4,"minecraft:spider_eye":4,"jet_and_elias_armors:pink_mercenary_heavy_helmet":2,"minecraft:stone_axe":6,"minecraft:iron_helmet":1,"minecraft:cherry_sapling":89,"minecraft:black_wool":4,"minecraft:coal":147}},"DataVersion":3465}