{"stats":{"minecraft:killed":{"minecraft:sheep":4,"minecraft:horse":1,"minecraft:cow":4},"minecraft:dropped":{"minecraft:stone_pickaxe":1},"minecraft:killed_by":{"minecraft:drowned":1,"minecraft:skeleton":2,"minecraft:zombie":3},"minecraft:custom":{"minecraft:time_since_rest":11483,"minecraft:interact_with_furnace":3,"minecraft:sprint_one_cm":92282,"minecraft:damage_taken":1745,"minecraft:walk_one_cm":137998,"minecraft:mob_kills":9,"minecraft:drop":1,"minecraft:damage_dealt":1239,"minecraft:swim_one_cm":610,"minecraft:fly_one_cm":74774,"minecraft:interact_with_crafting_table":7,"minecraft:crouch_one_cm":307,"minecraft:play_time":50350,"minecraft:deaths":6,"minecraft:sneak_time":37,"minecraft:walk_under_water_one_cm":252,"minecraft:jump":520,"minecraft:walk_on_water_one_cm":6328,"minecraft:time_since_death":11427,"minecraft:total_world_time":50350,"minecraft:horse_one_cm":14541,"minecraft:fall_one_cm":13122},"minecraft:crafted":{"biomesoplenty:fir_planks":36,"minecraft:crafting_table":1,"minecraft:stick":8,"minecraft:stone_pickaxe":1,"minecraft:furnace":1,"minecraft:cooked_beef":2},"minecraft:picked_up":{"biomesoplenty:toadstool":8,"minecraft:stick":50,"minecraft:crafting_table":7,"minecraft:azure_bluet":1,"minecraft:leather":5,"minecraft:torch":13,"minecraft:wooden_pickaxe":2,"minecraft:dandelion":27,"biomesoplenty:fir_log":28,"minecraft:cherry_log":8,"minecraft:dirt":30,"minecraft:cornflower":52,"minecraft:spider_eye":2,"minecraft:string":9,"minecraft:bone":4,"minecraft:arrow":18,"minecraft:rotten_flesh":2,"minecraft:stone_axe":3,"minecraft:wheat_seeds":58,"biomesoplenty:fir_planks":156,"minecraft:beef":7,"minecraft:stone_pickaxe":10,"minecraft:cherry_sapling":2,"minecraft:poppy":40,"minecraft:mutton":6,"minecraft:coal":10,"minecraft:egg":5,"minecraft:white_wool":19,"minecraft:cobblestone":58,"minecraft:oxeye_daisy":74},"minecraft:used":{"minecraft:stone_pickaxe":156,"minecraft:rotten_flesh":2,"minecraft:stone_axe":6,"minecraft:torch":3,"minecraft:cobblestone":7,"minecraft:crafting_table":3,"minecraft:furnace":1,"minecraft:cooked_beef":2,"minecraft:dandelion":1},"minecraft:mined":{"biomesoplenty:toadstool":3,"minecraft:cherry_log":8,"minecraft:azure_bluet":1,"minecraft:dandelion":20,"biomesoplenty:fir_log":12,"minecraft:crafting_table":3,"minecraft:cornflower":11,"minecraft:grass":79,"minecraft:coal_ore":5,"minecraft:poppy":14,"minecraft:cherry_leaves":7,"minecraft:dirt":14,"minecraft:tall_grass":14,"minecraft:stone":25,"minecraft:oxeye_daisy":16,"minecraft:wall_torch":1,"minecraft:fern":44},"minecraft:broken":{"minecraft:stone_pickaxe":1}},"DataVersion":3465}