{
  "cataclysm:root": {
    "criteria": {
      "custom_test_name": "2024-07-04 01:07:03 +0000"
    },
    "done": true
  },
  "biomesoplenty:biomesoplenty/root": {
    "criteria": {
      "fir_clearing": "2024-07-04 01:07:04 +0000"
    },
    "done": true
  },
  "minecraft:story/root": {
    "criteria": {
      "crafting_table": "2024-07-04 01:12:12 +0000"
    },
    "done": true
  },
  "biomesoplenty:biomesoplenty/all_biomes": {
    "criteria": {
      "fir_clearing": "2024-07-04 01:07:04 +0000"
    },
    "done": false
  },
  "minecraft:adventure/adventuring_time": {
    "criteria": {
      "minecraft:beach": "2024-07-04 01:17:11 +0000"
    },
    "done": false
  },
  "minecraft:adventure/root": {
    "criteria": {
      "killed_by_something": "2024-07-04 01:14:42 +0000"
    },
    "done": true
  },
  "DataVersion": 3465
}