{
  "cataclysm:root": {
    "criteria": {
      "custom_test_name": "2024-07-04 01:07:03 +0000"
    },
    "done": true
  },
  "biomesoplenty:biomesoplenty/root": {
    "criteria": {
      "fir_clearing": "2024-07-04 01:07:04 +0000"
    },
    "done": true
  },
  "biomesoplenty:biomesoplenty/all_biomes": {
    "criteria": {
      "fir_clearing": "2024-07-04 01:07:04 +0000"
    },
    "done": false
  },
  "minecraft:story/root": {
    "criteria": {
      "crafting_table": "2024-07-04 01:12:12 +0000"
    },
    "done": true
  },
  "minecraft:adventure/root": {
    "criteria": {
      "killed_by_something": "2024-07-04 01:14:42 +0000"
    },
    "done": true
  },
  "minecraft:adventure/adventuring_time": {
    "criteria": {
      "minecraft:beach": "2024-07-04 01:17:11 +0000",
      "minecraft:river": "2024-07-04 02:24:31 +0000",
      "minecraft:plains": "2024-07-04 01:44:18 +0000"
    },
    "done": false
  },
  "minecraft:story/mine_stone": {
    "criteria": {
      "get_stone": "2024-07-04 01:25:15 +0000"
    },
    "done": true
  },
  "minecraft:story/upgrade_tools": {
    "criteria": {
      "stone_pickaxe": "2024-07-04 01:26:12 +0000"
    },
    "done": true
  },
  "minecraft:adventure/kill_a_mob": {
    "criteria": {
      "minecraft:spider": "2024-07-04 01:37:21 +0000"
    },
    "done": true
  },
  "minecraft:adventure/kill_all_mobs": {
    "criteria": {
      "minecraft:spider": "2024-07-04 01:37:21 +0000",
      "minecraft:creeper": "2024-07-04 02:43:10 +0000",
      "minecraft:zombie": "2024-07-04 01:37:41 +0000",
      "minecraft:drowned": "2024-07-04 02:26:54 +0000"
    },
    "done": false
  },
  "minecraft:husbandry/balanced_diet": {
    "criteria": {
      "cooked_mutton": "2024-07-04 02:30:29 +0000",
      "bread": "2024-07-04 02:39:24 +0000",
      "rotten_flesh": "2024-07-04 01:47:36 +0000",
      "salmon": "2024-07-04 02:26:08 +0000",
      "cooked_chicken": "2024-07-04 02:43:19 +0000"
    },
    "done": false
  },
  "minecraft:husbandry/root": {
    "criteria": {
      "consumed_item": "2024-07-04 01:47:36 +0000"
    },
    "done": true
  },
  "quark:get_all_corundum": {
    "criteria": {
      "red": "2024-07-04 02:34:39 +0000",
      "blue": "2024-07-04 02:35:16 +0000"
    },
    "done": false
  },
  "minecraft:story/iron_tools": {
    "criteria": {
      "iron_pickaxe": "2024-07-04 02:17:08 +0000"
    },
    "done": true
  },
  "minecraft:adventure/sleep_in_bed": {
    "criteria": {
      "slept_in_bed": "2024-07-04 02:40:27 +0000"
    },
    "done": true
  },
  "minecraft:story/mine_diamond": {
    "criteria": {
      "diamond": "2024-07-04 02:37:45 +0000"
    },
    "done": true
  },
  "minecraft:story/smelt_iron": {
    "criteria": {
      "iron": "2024-07-04 02:17:01 +0000"
    },
    "done": true
  },
  "DataVersion": 3465
}