{
  "cataclysm:root": {
    "criteria": {
      "custom_test_name": "2024-07-04 01:41:56 +0000"
    },
    "done": true
  },
  "biomesoplenty:biomesoplenty/root": {
    "criteria": {
      "fir_clearing": "2024-07-04 01:41:57 +0000"
    },
    "done": true
  },
  "biomesoplenty:biomesoplenty/all_biomes": {
    "criteria": {
      "coniferous_forest": "2024-07-04 03:02:54 +0000",
      "seasonal_forest": "2024-07-04 03:04:25 +0000",
      "fir_clearing": "2024-07-04 01:41:57 +0000"
    },
    "done": false
  },
  "minecraft:adventure/adventuring_time": {
    "criteria": {
      "minecraft:cherry_grove": "2024-07-04 02:33:55 +0000",
      "minecraft:beach": "2024-07-04 01:47:52 +0000",
      "minecraft:river": "2024-07-04 02:24:23 +0000",
      "minecraft:meadow": "2024-07-04 02:43:35 +0000",
      "minecraft:plains": "2024-07-04 01:54:16 +0000"
    },
    "done": false
  },
  "minecraft:story/mine_stone": {
    "criteria": {
      "get_stone": "2024-07-04 01:50:53 +0000"
    },
    "done": true
  },
  "minecraft:story/upgrade_tools": {
    "criteria": {
      "stone_pickaxe": "2024-07-04 01:52:44 +0000"
    },
    "done": true
  },
  "minecraft:story/root": {
    "criteria": {
      "crafting_table": "2024-07-04 01:53:02 +0000"
    },
    "done": true
  },
  "minecraft:adventure/root": {
    "criteria": {
      "killed_by_something": "2024-07-04 01:55:46 +0000"
    },
    "done": true
  },
  "minecraft:husbandry/balanced_diet": {
    "criteria": {
      "cooked_porkchop": "2024-07-04 04:02:43 +0000",
      "cooked_mutton": "2024-07-04 04:18:37 +0000",
      "cooked_beef": "2024-07-04 02:34:44 +0000",
      "apple": "2024-07-04 04:52:52 +0000",
      "bread": "2024-07-04 04:19:23 +0000",
      "rotten_flesh": "2024-07-04 02:24:02 +0000",
      "carrot": "2024-07-04 04:12:49 +0000"
    },
    "done": false
  },
  "minecraft:husbandry/root": {
    "criteria": {
      "consumed_item": "2024-07-04 02:24:02 +0000"
    },
    "done": true
  },
  "minecraft:adventure/kill_a_mob": {
    "criteria": {
      "minecraft:skeleton": "2024-07-04 02:41:05 +0000"
    },
    "done": true
  },
  "minecraft:adventure/kill_all_mobs": {
    "criteria": {
      "minecraft:pillager": "2024-07-04 04:20:59 +0000",
      "minecraft:skeleton": "2024-07-04 02:41:05 +0000",
      "minecraft:spider": "2024-07-04 02:56:34 +0000",
      "minecraft:zombie": "2024-07-04 04:12:42 +0000"
    },
    "done": false
  },
  "minecraft:husbandry/tame_an_animal": {
    "criteria": {
      "tamed_animal": "2024-07-04 02:41:13 +0000"
    },
    "done": true
  },
  "minecraft:adventure/sleep_in_bed": {
    "criteria": {
      "slept_in_bed": "2024-07-04 02:42:21 +0000"
    },
    "done": true
  },
  "minecraft:story/iron_tools": {
    "criteria": {
      "iron_pickaxe": "2024-07-04 02:47:31 +0000"
    },
    "done": true
  },
  "minecraft:story/smelt_iron": {
    "criteria": {
      "iron": "2024-07-04 03:09:54 +0000"
    },
    "done": true
  },
  "minecraft:adventure/voluntary_exile": {
    "criteria": {
      "voluntary_exile": "2024-07-04 04:20:59 +0000"
    },
    "done": true
  },
  "minecraft:adventure/ol_betsy": {
    "criteria": {
      "shot_crossbow": "2024-07-04 04:25:04 +0000"
    },
    "done": true
  },
  "minecraft:adventure/shoot_arrow": {
    "criteria": {
      "shot_arrow": "2024-07-04 04:25:04 +0000"
    },
    "done": true
  },
  "tombstone:recipes/from_grave_key": {
    "criteria": {
      "has_ingredient": "2024-07-04 23:21:06 +0000"
    },
    "done": true
  },
  "tombstone:adventure/first_grave": {
    "criteria": {
      "coded_trigger": "2024-07-04 23:21:00 +0000"
    },
    "done": true
  },
  "minecraft:story/obtain_armor": {
    "criteria": {
      "iron_boots": "2024-07-04 23:21:51 +0000"
    },
    "done": true
  },
  "tombstone:adventure/root": {
    "criteria": {
      "auto": "2024-07-04 23:19:47 +0000"
    },
    "done": true
  },
  "DataVersion": 3465
}